cust_id,trans_date
1,1997-01-01
1,1997-01-18
1,1997-08-02
2,1997-01-01
2,1997-01-13
3,1997-01-01
4,1997-01-01
5,1997-01-01
6,1997-01-01
6,1997-01-11
6,1997-03-15
6,1997-04-16
6,1997-04-24
6,1997-06-23
6,1997-07-22
6,1997-07-26
7,1997-01-01
7,1997-02-05
8,1997-01-01
9,1997-01-01
9,1997-05-01
9,1997-09-08
10,1997-01-01
11,1997-01-01
11,1997-01-27
11,1997-02-01
11,1997-03-02
11,1997-05-04
11,1997-06-21
12,1997-01-01
13,1997-01-01
14,1997-01-01
15,1997-01-01
16,1997-01-01
17,1997-01-01
17,1997-02-06
17,1997-02-11
17,1997-02-12
17,1997-02-28
17,1997-03-11
17,1997-05-27
17,1997-05-31
17,1997-07-08
17,1997-08-07
17,1997-08-28
18,1997-01-01
18,1997-02-04
19,1997-01-02
19,1997-02-23
19,1997-04-20
19,1997-07-19
20,1997-01-02
21,1997-01-02
21,1997-03-02
21,1997-04-14
22,1997-01-02
23,1997-01-02
24,1997-01-02
25,1997-01-02
26,1997-01-02
26,1997-01-13
27,1997-01-02
28,1997-01-02
28,1997-07-27
29,1997-01-02
30,1997-01-02
30,1997-02-12
31,1997-01-02
32,1997-01-02
33,1997-01-02
34,1997-01-02
35,1997-01-02
35,1997-07-11
36,1997-01-02
37,1997-01-02
38,1997-01-02
38,1997-01-17
39,1997-01-02
40,1997-01-02
41,1997-01-03
42,1997-01-03
43,1997-01-03
44,1997-01-03
45,1997-01-03
45,1997-06-23
46,1997-01-03
46,1997-01-14
46,1997-01-21
46,1997-01-27
46,1997-02-04
46,1997-04-11
46,1997-06-27
46,1997-07-10
46,1997-07-14
46,1997-07-29
46,1997-07-31
46,1997-08-28
46,1997-09-01
47,1997-01-03
48,1997-01-03
49,1997-01-03
49,1997-01-14
50,1997-01-03
51,1997-01-03
52,1997-01-03
53,1997-01-03
54,1997-01-03
55,1997-01-03
56,1997-01-03
56,1997-07-06
56,1997-08-23
57,1997-01-03
57,1997-02-02
58,1997-01-04
59,1997-01-04
59,1997-09-30
60,1997-01-04
61,1997-01-04
61,1997-01-20
61,1997-02-24
61,1997-03-03
61,1997-07-29
62,1997-01-04
63,1997-01-04
63,1997-04-27
64,1997-01-04
65,1997-01-04
66,1997-01-04
67,1997-01-04
67,1997-01-26
67,1997-06-01
68,1997-01-04
69,1997-01-04
70,1997-01-04
70,1997-01-11
70,1997-06-02
70,1997-07-28
71,1997-01-04
72,1997-01-04
73,1997-01-04
73,1997-02-14
74,1997-01-04
75,1997-01-04
75,1997-02-09
76,1997-01-04
77,1997-01-04
78,1997-01-05
79,1997-01-05
79,1997-03-07
79,1997-03-22
79,1997-05-03
80,1997-01-05
81,1997-01-05
82,1997-01-05
82,1997-02-26
83,1997-01-05
84,1997-01-05
85,1997-01-05
86,1997-01-05
86,1997-02-03
86,1997-02-05
86,1997-02-25
86,1997-02-27
86,1997-03-18
86,1997-06-24
86,1997-07-09
87,1997-01-05
88,1997-01-05
88,1997-02-14
88,1997-03-05
88,1997-03-26
88,1997-04-13
88,1997-07-24
88,1997-08-04
88,1997-08-24
88,1997-09-03
88,1997-09-09
88,1997-09-10
89,1997-01-05
90,1997-01-05
91,1997-01-05
91,1997-08-26
92,1997-01-05
92,1997-01-11
92,1997-01-14
92,1997-01-22
92,1997-02-10
92,1997-05-18
92,1997-09-24
93,1997-01-05
94,1997-01-05
95,1997-01-05
96,1997-01-05
97,1997-01-05
98,1997-01-05
98,1997-06-22
98,1997-08-16
99,1997-01-05
99,1997-01-15
99,1997-08-24
99,1997-09-11
99,1997-09-25
100,1997-01-05
100,1997-06-21
101,1997-01-06
101,1997-02-13
101,1997-05-05
101,1997-05-26
101,1997-08-13
101,1997-09-16
102,1997-01-06
103,1997-01-06
104,1997-01-06
105,1997-01-06
105,1997-06-24
106,1997-01-06
106,1997-02-18
107,1997-01-06
108,1997-01-06
109,1997-01-06
109,1997-01-08
110,1997-01-06
111,1997-01-06
111,1997-01-08
112,1997-01-06
113,1997-01-06
114,1997-01-06
114,1997-06-24
115,1997-01-06
116,1997-01-06
116,1997-02-12
117,1997-01-06
118,1997-01-06
119,1997-01-06
120,1997-01-06
121,1997-01-06
121,1997-01-27
122,1997-01-06
123,1997-01-06
124,1997-01-06
125,1997-01-06
125,1997-02-25
126,1997-01-07
127,1997-01-07
128,1997-01-07
129,1997-01-07
129,1997-01-09
129,1997-01-24
129,1997-02-13
129,1997-03-01
130,1997-01-07
130,1997-03-15
130,1997-06-19
130,1997-07-08
131,1997-01-07
132,1997-01-07
132,1997-06-24
133,1997-01-07
133,1997-04-09
133,1997-07-25
134,1997-01-07
135,1997-01-07
135,1997-06-20
136,1997-01-07
136,1997-02-05
136,1997-02-28
137,1997-01-07
138,1997-01-07
138,1997-02-23
138,1997-05-05
139,1997-01-07
139,1997-01-22
140,1997-01-07
140,1997-04-27
141,1997-01-07
142,1997-01-07
142,1997-01-08
142,1997-01-09
142,1997-02-06
142,1997-02-07
142,1997-02-24
143,1997-01-07
143,1997-01-24
143,1997-07-26
144,1997-01-07
144,1997-01-21
144,1997-02-21
144,1997-02-28
144,1997-05-13
144,1997-07-29
144,1997-08-14
144,1997-09-03
145,1997-01-07
145,1997-01-22
145,1997-09-14
146,1997-01-07
147,1997-01-07
147,1997-02-07
147,1997-05-15
147,1997-07-05
147,1997-07-31
148,1997-01-07
148,1997-01-17
148,1997-01-27
148,1997-03-05
148,1997-03-19
148,1997-03-24
148,1997-04-10
148,1997-08-05
148,1997-08-19
148,1997-08-25
148,1997-08-26
148,1997-09-11
148,1997-09-17
148,1997-09-29
149,1997-01-07
150,1997-01-07
150,1997-01-22
150,1997-02-03
150,1997-07-31
150,1997-08-26
151,1997-01-07
151,1997-02-23
151,1997-07-14
151,1997-09-08
151,1997-09-11
152,1997-01-07
153,1997-01-07
154,1997-01-07
154,1997-01-27
155,1997-01-07
156,1997-01-07
156,1997-02-21
157,1997-01-07
157,1997-01-10
157,1997-01-14
157,1997-01-19
157,1997-01-22
157,1997-01-29
157,1997-02-03
157,1997-02-15
157,1997-03-14
157,1997-03-20
157,1997-04-02
157,1997-04-04
157,1997-04-08
157,1997-04-18
157,1997-04-20
157,1997-05-04
157,1997-05-08
157,1997-05-15
157,1997-06-02
157,1997-06-27
157,1997-07-06
157,1997-07-22
157,1997-07-31
157,1997-08-03
157,1997-08-20
157,1997-09-06
157,1997-09-11
157,1997-09-16
157,1997-09-27
157,1997-09-28
158,1997-01-08
159,1997-01-08
159,1997-01-09
159,1997-01-28
159,1997-06-30
160,1997-01-08
161,1997-01-08
162,1997-01-08
162,1997-01-22
163,1997-01-08
164,1997-01-08
164,1997-01-25
164,1997-03-25
164,1997-04-14
164,1997-06-24
164,1997-07-14
164,1997-07-15
164,1997-07-22
164,1997-08-25
164,1997-09-04
164,1997-09-24
165,1997-01-08
166,1997-01-08
167,1997-01-08
167,1997-02-05
167,1997-03-10
167,1997-03-15
167,1997-04-16
167,1997-05-14
167,1997-05-15
167,1997-05-16
167,1997-05-19
167,1997-05-20
167,1997-06-06
167,1997-06-24
167,1997-07-23
167,1997-07-24
168,1997-01-08
169,1997-01-08
170,1997-01-08
170,1997-09-27
171,1997-01-08
172,1997-01-08
173,1997-01-08
174,1997-01-08
175,1997-01-08
176,1997-01-09
177,1997-01-09
178,1997-01-09
178,1997-01-17
178,1997-03-28
178,1997-05-19
178,1997-06-29
178,1997-08-10
178,1997-08-27
179,1997-01-09
179,1997-02-03
179,1997-02-09
179,1997-03-02
179,1997-03-24
179,1997-04-16
179,1997-06-21
179,1997-07-13
179,1997-09-19
180,1997-01-09
181,1997-01-09
182,1997-01-09
183,1997-01-09
183,1997-02-13
184,1997-01-09
185,1997-01-09
185,1997-01-11
185,1997-01-18
185,1997-02-23
185,1997-09-19
186,1997-01-09
187,1997-01-09
187,1997-02-07
187,1997-03-05
188,1997-01-09
188,1997-03-20
188,1997-04-01
188,1997-06-06
189,1997-01-09
189,1997-02-05
189,1997-02-17
189,1997-02-20
190,1997-01-09
191,1997-01-09
192,1997-01-09
193,1997-01-09
194,1997-01-09
195,1997-01-09
195,1997-02-10
195,1997-05-09
195,1997-05-27
195,1997-06-11
195,1997-06-16
195,1997-07-17
196,1997-01-09
197,1997-01-09
197,1997-01-20
198,1997-01-09
199,1997-01-09
200,1997-01-10
200,1997-02-01
200,1997-04-20
201,1997-01-10
202,1997-01-10
202,1997-02-04
202,1997-02-28
203,1997-01-10
203,1997-07-01
203,1997-08-15
204,1997-01-10
205,1997-01-10
206,1997-01-10
206,1997-05-16
207,1997-01-10
208,1997-01-10
208,1997-01-12
209,1997-01-10
210,1997-01-10
211,1997-01-10
211,1997-02-11
211,1997-02-23
211,1997-03-14
211,1997-03-22
211,1997-04-11
211,1997-05-02
211,1997-05-15
212,1997-01-10
213,1997-01-10
214,1997-01-10
215,1997-01-10
215,1997-07-27
215,1997-08-01
216,1997-01-10
217,1997-01-10
217,1997-01-28
217,1997-02-26
217,1997-06-14
217,1997-06-29
218,1997-01-11
219,1997-01-11
219,1997-04-25
220,1997-01-11
220,1997-07-22
221,1997-01-11
222,1997-01-11
223,1997-01-11
224,1997-01-11
225,1997-01-11
226,1997-01-11
226,1997-02-08
226,1997-04-01
227,1997-01-11
228,1997-01-11
228,1997-01-25
229,1997-01-11
229,1997-01-24
230,1997-01-11
230,1997-08-27
230,1997-08-30
231,1997-01-11
232,1997-01-11
232,1997-06-01
232,1997-06-18
232,1997-09-24
233,1997-01-11
234,1997-01-11
235,1997-01-11
236,1997-01-11
237,1997-01-11
238,1997-01-11
239,1997-01-11
240,1997-01-11
241,1997-01-11
242,1997-01-11
242,1997-03-01
242,1997-03-13
242,1997-07-11
242,1997-08-19
243,1997-01-12
243,1997-03-11
244,1997-01-12
244,1997-01-20
244,1997-02-03
244,1997-02-09
244,1997-02-14
244,1997-02-17
245,1997-01-12
246,1997-01-12
247,1997-01-12
247,1997-02-08
247,1997-06-29
248,1997-01-12
249,1997-01-12
249,1997-01-25
250,1997-01-12
250,1997-05-19
250,1997-06-04
251,1997-01-12
252,1997-01-12
253,1997-01-12
253,1997-08-24
254,1997-01-12
255,1997-01-12
255,1997-01-15
256,1997-01-12
257,1997-01-12
257,1997-03-17
257,1997-03-23
257,1997-04-04
257,1997-04-23
257,1997-05-05
258,1997-01-12
259,1997-01-12
260,1997-01-12
260,1997-02-22
261,1997-01-12
261,1997-06-02
261,1997-07-31
262,1997-01-12
263,1997-01-12
263,1997-09-27
264,1997-01-12
265,1997-01-12
266,1997-01-12
266,1997-01-13
267,1997-01-12
267,1997-09-01
267,1997-09-18
268,1997-01-12
268,1997-02-21
269,1997-01-13
270,1997-01-13
270,1997-01-27
271,1997-01-13
272,1997-01-13
272,1997-02-09
273,1997-01-13
274,1997-01-13
274,1997-03-30
274,1997-06-12
274,1997-07-02
275,1997-01-13
275,1997-09-08
276,1997-01-13
276,1997-01-18
276,1997-01-25
276,1997-03-15
276,1997-03-21
276,1997-03-29
276,1997-04-01
276,1997-05-18
276,1997-06-17
276,1997-06-21
276,1997-07-16
276,1997-07-30
276,1997-08-12
276,1997-08-16
277,1997-01-13
278,1997-01-13
279,1997-01-13
280,1997-01-13
281,1997-01-13
282,1997-01-13
282,1997-05-22
282,1997-05-28
282,1997-05-29
283,1997-01-13
283,1997-02-09
283,1997-08-20
283,1997-08-31
284,1997-01-13
284,1997-02-03
285,1997-01-13
286,1997-01-13
287,1997-01-13
287,1997-03-05
287,1997-08-19
287,1997-08-22
288,1997-01-13
289,1997-01-13
289,1997-01-17
289,1997-03-13
289,1997-09-23
289,1997-09-24
289,1997-09-25
290,1997-01-13
291,1997-01-13
291,1997-02-10
291,1997-09-18
292,1997-01-13
292,1997-01-16
293,1997-01-13
294,1997-01-13
294,1997-01-18
295,1997-01-13
296,1997-01-13
297,1997-01-14
297,1997-05-01
298,1997-01-14
298,1997-01-22
299,1997-01-14
300,1997-01-14
301,1997-01-14
302,1997-01-14
302,1997-02-22
302,1997-06-24
302,1997-09-12
303,1997-01-14
303,1997-09-25
304,1997-01-14
304,1997-05-19
305,1997-01-14
306,1997-01-14
306,1997-02-07
307,1997-01-14
308,1997-01-14
309,1997-01-14
310,1997-01-14
310,1997-01-31
310,1997-02-02
310,1997-02-12
310,1997-02-13
311,1997-01-14
312,1997-01-14
312,1997-05-17
312,1997-09-13
313,1997-01-14
314,1997-01-14
314,1997-01-15
314,1997-06-26
314,1997-07-27
315,1997-01-14
316,1997-01-14
317,1997-01-14
317,1997-06-02
318,1997-01-14
319,1997-01-14
319,1997-05-10
320,1997-01-14
321,1997-01-14
321,1997-04-21
321,1997-08-26
322,1997-01-15
323,1997-01-15
323,1997-03-18
324,1997-01-15
324,1997-01-16
324,1997-01-21
324,1997-02-03
325,1997-01-15
325,1997-01-29
325,1997-01-30
325,1997-02-10
325,1997-02-13
325,1997-02-22
325,1997-03-01
325,1997-03-07
325,1997-03-13
325,1997-03-16
325,1997-03-19
325,1997-03-27
325,1997-03-28
325,1997-04-08
325,1997-04-10
325,1997-04-11
325,1997-04-27
325,1997-04-28
325,1997-04-29
325,1997-04-30
325,1997-05-01
325,1997-05-19
325,1997-05-25
325,1997-05-28
325,1997-06-20
325,1997-07-25
326,1997-01-15
327,1997-01-15
328,1997-01-15
329,1997-01-15
330,1997-01-15
330,1997-01-20
330,1997-01-30
330,1997-02-08
330,1997-03-19
330,1997-06-22
331,1997-01-15
332,1997-01-15
332,1997-01-20
332,1997-04-24
333,1997-01-15
334,1997-01-15
335,1997-01-15
336,1997-01-15
336,1997-01-23
336,1997-02-05
336,1997-02-07
336,1997-09-10
336,1997-09-24
337,1997-01-15
338,1997-01-15
339,1997-01-15
339,1997-06-21
340,1997-01-15
341,1997-01-15
342,1997-01-15
343,1997-01-15
344,1997-01-16
344,1997-03-15
344,1997-06-23
345,1997-01-16
346,1997-01-16
347,1997-01-16
348,1997-01-16
348,1997-06-23
349,1997-01-16
350,1997-01-16
350,1997-02-15
350,1997-06-23
351,1997-01-16
351,1997-03-24
352,1997-01-16
353,1997-01-16
354,1997-01-16
355,1997-01-16
356,1997-01-16
357,1997-01-16
357,1997-02-03
358,1997-01-16
358,1997-03-06
358,1997-07-01
359,1997-01-16
360,1997-01-16
361,1997-01-16
362,1997-01-16
363,1997-01-16
363,1997-02-21
363,1997-03-31
364,1997-01-16
364,1997-01-29
364,1997-03-11
364,1997-04-10
364,1997-08-05
365,1997-01-16
366,1997-01-17
367,1997-01-17
367,1997-04-09
368,1997-01-17
368,1997-04-03
368,1997-04-26
368,1997-05-19
369,1997-01-17
370,1997-01-17
370,1997-04-26
371,1997-01-17
372,1997-01-17
373,1997-01-17
374,1997-01-17
375,1997-01-17
376,1997-01-17
376,1997-02-26
377,1997-01-17
377,1997-03-31
378,1997-01-17
378,1997-06-20
379,1997-01-17
380,1997-01-17
381,1997-01-17
382,1997-01-17
382,1997-01-23
382,1997-03-25
382,1997-05-01
382,1997-05-23
382,1997-07-01
382,1997-07-12
382,1997-07-26
382,1997-08-16
382,1997-09-01
382,1997-09-10
382,1997-09-29
383,1997-01-17
384,1997-01-17
385,1997-01-17
385,1997-01-27
385,1997-02-01
385,1997-04-19
385,1997-08-23
386,1997-01-17
387,1997-01-17
388,1997-01-18
388,1997-05-05
389,1997-01-18
389,1997-02-24
389,1997-03-30
390,1997-01-18
391,1997-01-18
392,1997-01-18
393,1997-01-18
394,1997-01-18
394,1997-07-18
395,1997-01-18
395,1997-02-18
396,1997-01-18
397,1997-01-18
397,1997-02-21
397,1997-04-19
397,1997-06-16
398,1997-01-18
398,1997-03-15
399,1997-01-18
400,1997-01-18
401,1997-01-18
401,1997-06-05
401,1997-06-20
402,1997-01-18
403,1997-01-18
403,1997-05-13
403,1997-05-25
403,1997-06-26
403,1997-07-14
403,1997-07-15
403,1997-07-28
403,1997-08-20
403,1997-08-24
404,1997-01-18
404,1997-03-02
405,1997-01-18
406,1997-01-18
406,1997-02-06
406,1997-05-09
407,1997-01-18
407,1997-08-29
408,1997-01-18
409,1997-01-18
410,1997-01-18
410,1997-06-19
411,1997-01-18
412,1997-01-18
412,1997-01-22
412,1997-02-11
413,1997-01-18
414,1997-01-18
415,1997-01-19
415,1997-01-21
415,1997-03-08
415,1997-06-14
416,1997-01-19
417,1997-01-19
418,1997-01-19
419,1997-01-19
420,1997-01-19
421,1997-01-19
422,1997-01-19
422,1997-02-26
422,1997-04-16
423,1997-01-19
423,1997-02-18
423,1997-06-06
424,1997-01-19
425,1997-01-19
426,1997-01-19
427,1997-01-19
427,1997-02-19
428,1997-01-19
428,1997-06-21
428,1997-08-17
429,1997-01-19
430,1997-01-19
431,1997-01-19
432,1997-01-19
433,1997-01-19
434,1997-01-19
434,1997-03-19
435,1997-01-19
436,1997-01-19
437,1997-01-19
438,1997-01-19
439,1997-01-19
439,1997-05-26
440,1997-01-19
440,1997-03-07
440,1997-07-21
441,1997-01-19
441,1997-02-16
441,1997-07-15
441,1997-07-17
441,1997-07-25
442,1997-01-19
443,1997-01-19
444,1997-01-20
444,1997-01-27
444,1997-02-11
445,1997-01-20
446,1997-01-20
446,1997-03-14
446,1997-04-22
446,1997-05-26
446,1997-06-16
446,1997-07-23
446,1997-07-29
447,1997-01-20
448,1997-01-20
448,1997-02-04
449,1997-01-20
450,1997-01-20
450,1997-03-16
451,1997-01-20
451,1997-03-23
452,1997-01-20
452,1997-05-19
453,1997-01-20
453,1997-01-22
453,1997-04-07
454,1997-01-20
454,1997-07-29
455,1997-01-20
456,1997-01-20
456,1997-02-06
456,1997-03-28
456,1997-04-28
456,1997-05-05
456,1997-07-18
456,1997-08-04
456,1997-08-06
457,1997-01-20
457,1997-02-09
457,1997-02-17
457,1997-04-24
457,1997-05-06
458,1997-01-20
459,1997-01-20
460,1997-01-20
461,1997-01-20
461,1997-03-19
461,1997-03-21
461,1997-04-08
461,1997-04-29
461,1997-04-30
461,1997-06-13
461,1997-07-17
462,1997-01-20
463,1997-01-20
463,1997-03-21
464,1997-01-20
464,1997-05-19
465,1997-01-20
466,1997-01-20
466,1997-04-27
466,1997-06-30
467,1997-01-20
467,1997-08-29
468,1997-01-20
469,1997-01-20
469,1997-01-30
469,1997-07-14
469,1997-07-24
469,1997-08-21
470,1997-01-20
471,1997-01-20
471,1997-02-06
472,1997-01-20
473,1997-01-20
474,1997-01-20
474,1997-06-08
474,1997-09-13
475,1997-01-20
476,1997-01-20
477,1997-01-20
477,1997-01-22
477,1997-09-13
477,1997-09-27
477,1997-09-29
478,1997-01-20
479,1997-01-21
480,1997-01-21
480,1997-04-17
480,1997-06-19
481,1997-01-21
481,1997-06-21
482,1997-01-21
483,1997-01-21
483,1997-03-22
484,1997-01-21
485,1997-01-21
485,1997-01-24
485,1997-01-28
485,1997-02-05
485,1997-02-24
485,1997-03-18
485,1997-03-24
485,1997-04-28
485,1997-05-21
485,1997-05-27
485,1997-06-23
485,1997-09-10
486,1997-01-21
487,1997-01-21
487,1997-02-07
487,1997-02-25
487,1997-03-02
487,1997-03-25
488,1997-01-21
489,1997-01-21
490,1997-01-21
491,1997-01-21
491,1997-01-31
491,1997-02-08
491,1997-03-24
491,1997-05-23
492,1997-01-21
493,1997-01-21
493,1997-02-20
493,1997-06-18
493,1997-08-22
494,1997-01-21
495,1997-01-21
495,1997-09-30
496,1997-01-21
496,1997-02-05
497,1997-01-21
498,1997-01-21
499,1997-01-21
499,1997-03-13
499,1997-04-24
499,1997-06-22
499,1997-06-24
499,1997-07-05
499,1997-07-26
500,1997-01-21
500,1997-02-08
500,1997-02-20
500,1997-03-01
501,1997-01-21
502,1997-01-21
503,1997-01-21
504,1997-01-22
505,1997-01-22
505,1997-04-30
505,1997-05-02
506,1997-01-22
507,1997-01-22
507,1997-01-25
507,1997-08-27
508,1997-01-22
509,1997-01-22
509,1997-01-24
509,1997-02-10
509,1997-02-14
509,1997-02-24
509,1997-03-08
509,1997-03-26
509,1997-04-07
509,1997-04-17
509,1997-04-25
509,1997-05-05
509,1997-05-12
509,1997-06-11
509,1997-06-20
509,1997-06-27
509,1997-08-18
509,1997-09-04
509,1997-09-18
509,1997-09-25
510,1997-01-22
511,1997-01-22
511,1997-02-28
512,1997-01-22
513,1997-01-22
513,1997-03-18
514,1997-01-22
515,1997-01-22
516,1997-01-22
517,1997-01-22
517,1997-02-20
517,1997-03-10
517,1997-03-23
517,1997-05-18
517,1997-08-17
518,1997-01-22
519,1997-01-22
519,1997-09-30
520,1997-01-22
521,1997-01-22
521,1997-06-04
521,1997-06-23
521,1997-07-30
521,1997-08-18
521,1997-09-20
521,1997-09-23
522,1997-01-22
523,1997-01-22
523,1997-03-22
523,1997-04-10
524,1997-01-22
525,1997-01-22
526,1997-01-22
526,1997-05-28
526,1997-06-30
527,1997-01-22
528,1997-01-22
528,1997-08-19
529,1997-01-23
529,1997-06-18
530,1997-01-23
531,1997-01-23
532,1997-01-23
532,1997-04-23
533,1997-01-23
534,1997-01-23
534,1997-02-24
535,1997-01-23
535,1997-05-21
535,1997-08-17
536,1997-01-23
537,1997-01-23
538,1997-01-23
539,1997-01-23
539,1997-01-24
540,1997-01-23
541,1997-01-23
541,1997-03-10
541,1997-09-02
542,1997-01-23
543,1997-01-23
543,1997-02-21
543,1997-06-29
544,1997-01-23
545,1997-01-23
546,1997-01-23
547,1997-01-23
548,1997-01-23
548,1997-06-26
549,1997-01-23
549,1997-01-28
549,1997-03-03
549,1997-04-15
549,1997-04-26
549,1997-05-16
549,1997-06-11
549,1997-06-23
549,1997-08-22
549,1997-08-27
549,1997-09-15
550,1997-01-23
551,1997-01-23
551,1997-03-11
552,1997-01-23
552,1997-01-25
552,1997-02-06
552,1997-02-16
553,1997-01-23
553,1997-05-08
553,1997-06-02
553,1997-07-08
554,1997-01-23
555,1997-01-23
555,1997-05-04
555,1997-09-07
556,1997-01-23
557,1997-01-23
558,1997-01-24
558,1997-02-04
558,1997-02-11
558,1997-02-20
558,1997-02-28
558,1997-03-05
558,1997-03-20
558,1997-03-25
558,1997-04-10
558,1997-04-30
558,1997-05-03
558,1997-05-20
558,1997-07-10
559,1997-01-24
560,1997-01-24
560,1997-03-18
561,1997-01-24
561,1997-03-04
561,1997-08-15
562,1997-01-24
562,1997-02-14
562,1997-09-22
563,1997-01-24
564,1997-01-24
565,1997-01-24
566,1997-01-24
567,1997-01-24
567,1997-02-07
567,1997-03-02
567,1997-05-24
567,1997-06-25
567,1997-09-15
568,1997-01-24
569,1997-01-24
570,1997-01-24
570,1997-07-07
570,1997-07-17
571,1997-01-24
572,1997-01-24
572,1997-02-02
572,1997-02-12
572,1997-02-16
572,1997-02-20
572,1997-03-26
573,1997-01-24
574,1997-01-24
574,1997-07-30
575,1997-01-24
575,1997-03-03
576,1997-01-24
577,1997-01-24
577,1997-03-16
578,1997-01-24
579,1997-01-24
580,1997-01-24
581,1997-01-24
582,1997-01-24
583,1997-01-24
584,1997-01-25
584,1997-09-30
585,1997-01-25
585,1997-06-13
585,1997-06-25
586,1997-01-25
587,1997-01-25
588,1997-01-25
589,1997-01-25
590,1997-01-25
591,1997-01-25
592,1997-01-25
592,1997-08-16
593,1997-01-25
593,1997-01-26
593,1997-02-27
593,1997-03-08
593,1997-03-31
593,1997-04-18
593,1997-04-26
593,1997-05-25
594,1997-01-25
595,1997-01-25
596,1997-01-25
596,1997-03-22
596,1997-09-11
597,1997-01-25
598,1997-01-25
599,1997-01-25
599,1997-06-23
599,1997-07-25
600,1997-01-25
601,1997-01-25
601,1997-03-14
601,1997-03-24
601,1997-04-22
601,1997-06-24
602,1997-01-25
603,1997-01-25
604,1997-01-25
604,1997-03-02
604,1997-08-17
604,1997-08-23
605,1997-01-25
606,1997-01-25
606,1997-09-01
607,1997-01-25
608,1997-01-25
608,1997-04-22
608,1997-04-30
609,1997-01-25
609,1997-01-26
609,1997-06-28
610,1997-01-25
611,1997-01-26
611,1997-04-08
612,1997-01-26
612,1997-06-21
613,1997-01-26
613,1997-07-01
613,1997-09-18
614,1997-01-26
615,1997-01-26
616,1997-01-26
617,1997-01-26
618,1997-01-26
618,1997-02-02
618,1997-02-22
619,1997-01-26
620,1997-01-26
621,1997-01-26
621,1997-03-22
622,1997-01-26
623,1997-01-26
623,1997-07-12
624,1997-01-26
625,1997-01-26
625,1997-03-14
625,1997-04-10
625,1997-04-14
626,1997-01-26
627,1997-01-26
628,1997-01-26
629,1997-01-26
630,1997-01-26
630,1997-09-23
631,1997-01-26
632,1997-01-26
633,1997-01-26
633,1997-02-14
634,1997-01-26
635,1997-01-26
636,1997-01-26
637,1997-01-27
638,1997-01-27
639,1997-01-27
640,1997-01-27
641,1997-01-27
641,1997-02-16
641,1997-07-05
641,1997-08-02
642,1997-01-27
643,1997-01-27
643,1997-02-13
643,1997-02-28
643,1997-06-27
643,1997-08-14
644,1997-01-27
645,1997-01-27
646,1997-01-27
647,1997-01-27
648,1997-01-27
648,1997-02-07
648,1997-04-18
649,1997-01-27
649,1997-03-28
650,1997-01-27
650,1997-03-13
651,1997-01-27
652,1997-01-27
653,1997-01-27
654,1997-01-27
655,1997-01-27
655,1997-01-30
655,1997-02-26
655,1997-07-27
655,1997-08-07
655,1997-09-02
656,1997-01-27
656,1997-03-09
657,1997-01-27
658,1997-01-27
659,1997-01-27
659,1997-03-18
660,1997-01-27
660,1997-03-20
660,1997-03-26
661,1997-01-27
661,1997-09-20
662,1997-01-27
663,1997-01-27
664,1997-01-27
665,1997-01-27
666,1997-01-28
666,1997-06-23
667,1997-01-28
668,1997-01-28
668,1997-02-18
668,1997-02-24
668,1997-02-25
668,1997-04-03
668,1997-04-18
668,1997-04-22
668,1997-05-11
668,1997-09-20
669,1997-01-28
669,1997-02-28
670,1997-01-28
671,1997-01-28
671,1997-02-08
671,1997-04-24
671,1997-07-01
671,1997-07-08
671,1997-07-25
671,1997-08-21
672,1997-01-28
672,1997-03-26
673,1997-01-28
673,1997-02-04
673,1997-02-24
674,1997-01-28
675,1997-01-28
675,1997-02-07
675,1997-06-20
675,1997-07-24
676,1997-01-28
676,1997-02-15
676,1997-03-12
676,1997-04-08
676,1997-05-05
676,1997-06-11
676,1997-07-08
677,1997-01-28
678,1997-01-28
678,1997-06-20
679,1997-01-28
680,1997-01-28
680,1997-03-12
680,1997-05-22
681,1997-01-28
681,1997-02-07
681,1997-02-10
681,1997-04-09
681,1997-05-26
681,1997-07-23
682,1997-01-28
683,1997-01-28
683,1997-08-12
684,1997-01-28
685,1997-01-28
686,1997-01-28
687,1997-01-28
688,1997-01-28
689,1997-01-28
690,1997-01-28
690,1997-06-09
691,1997-01-28
691,1997-03-11
692,1997-01-28
693,1997-01-28
693,1997-02-11
693,1997-02-15
693,1997-03-16
693,1997-03-18
693,1997-03-23
693,1997-03-28
693,1997-04-13
693,1997-04-20
693,1997-05-04
693,1997-05-13
693,1997-06-15
693,1997-09-09
693,1997-09-26
694,1997-01-28
695,1997-01-28
696,1997-01-28
696,1997-02-22
697,1997-01-29
697,1997-03-10
697,1997-04-06
697,1997-07-29
698,1997-01-29
699,1997-01-29
699,1997-01-30
699,1997-02-05
699,1997-02-20
699,1997-05-06
699,1997-05-10
700,1997-01-29
701,1997-01-29
701,1997-05-15
701,1997-05-31
702,1997-01-29
702,1997-07-08
703,1997-01-29
704,1997-01-29
705,1997-01-29
705,1997-04-17
706,1997-01-29
707,1997-01-29
707,1997-02-26
708,1997-01-29
708,1997-02-02
709,1997-01-29
710,1997-01-29
711,1997-01-29
712,1997-01-29
712,1997-02-09
712,1997-05-30
712,1997-07-05
712,1997-08-31
713,1997-01-29
713,1997-02-11
713,1997-02-14
713,1997-02-23
713,1997-03-24
713,1997-08-15
713,1997-09-21
714,1997-01-29
714,1997-02-10
715,1997-01-29
715,1997-02-20
715,1997-04-07
716,1997-01-29
717,1997-01-29
718,1997-01-29
718,1997-03-10
718,1997-04-23
719,1997-01-29
720,1997-01-29
720,1997-01-30
720,1997-02-01
720,1997-02-23
720,1997-04-16
720,1997-05-05
720,1997-05-23
720,1997-09-30
721,1997-01-29
722,1997-01-29
723,1997-01-29
724,1997-01-29
725,1997-01-29
726,1997-01-29
726,1997-05-08
726,1997-06-06
726,1997-06-20
727,1997-01-29
728,1997-01-29
728,1997-02-06
728,1997-02-17
728,1997-03-11
728,1997-04-14
728,1997-05-28
729,1997-01-29
730,1997-01-30
730,1997-04-07
730,1997-04-14
731,1997-01-30
731,1997-03-03
732,1997-01-30
732,1997-03-16
732,1997-08-29
732,1997-09-23
733,1997-01-30
734,1997-01-30
735,1997-01-30
736,1997-01-30
737,1997-01-30
738,1997-01-30
739,1997-01-30
739,1997-05-03
740,1997-01-30
741,1997-01-30
741,1997-07-23
742,1997-01-30
743,1997-01-30
744,1997-01-30
745,1997-01-30
745,1997-04-21
745,1997-05-11
746,1997-01-30
747,1997-01-30
747,1997-04-28
748,1997-01-30
749,1997-01-30
750,1997-01-30
750,1997-03-21
751,1997-01-30
751,1997-02-11
751,1997-03-03
751,1997-03-24
751,1997-03-31
751,1997-04-05
751,1997-05-20
751,1997-07-20
751,1997-07-25
751,1997-08-19
751,1997-08-23
752,1997-01-30
753,1997-01-30
754,1997-01-30
755,1997-01-30
756,1997-01-30
756,1997-02-04
756,1997-03-29
756,1997-05-25
757,1997-01-30
757,1997-05-25
757,1997-05-26
757,1997-05-30
758,1997-01-30
759,1997-01-30
760,1997-01-31
760,1997-02-27
760,1997-04-05
761,1997-01-31
761,1997-02-16
761,1997-03-05
761,1997-04-28
761,1997-07-04
761,1997-09-30
762,1997-01-31
762,1997-02-27
762,1997-03-15
762,1997-03-29
762,1997-07-12
763,1997-01-31
764,1997-01-31
765,1997-01-31
766,1997-01-31
767,1997-01-31
768,1997-01-31
769,1997-01-31
770,1997-01-31
770,1997-02-26
771,1997-01-31
772,1997-01-31
773,1997-01-31
774,1997-01-31
775,1997-01-31
775,1997-05-23
776,1997-01-31
776,1997-02-02
777,1997-01-31
777,1997-02-19
777,1997-02-25
777,1997-04-06
778,1997-01-31
778,1997-04-02
779,1997-01-31
780,1997-01-31
781,1997-01-31
782,1997-02-01
783,1997-02-01
783,1997-02-08
783,1997-03-14
783,1997-04-04
783,1997-05-07
783,1997-09-04
783,1997-09-19
784,1997-02-01
784,1997-02-11
784,1997-07-30
785,1997-02-01
786,1997-02-01
787,1997-02-01
788,1997-02-01
789,1997-02-01
790,1997-02-01
791,1997-02-01
792,1997-02-01
793,1997-02-01
793,1997-02-16
794,1997-02-01
794,1997-02-08
794,1997-03-04
794,1997-03-21
794,1997-05-20
794,1997-06-06
794,1997-09-05
795,1997-02-01
796,1997-02-01
796,1997-03-14
797,1997-02-01
798,1997-02-01
798,1997-03-15
798,1997-03-30
799,1997-02-01
800,1997-02-01
801,1997-02-01
801,1997-03-09
801,1997-05-09
801,1997-05-30
801,1997-07-07
801,1997-07-18
801,1997-09-04
801,1997-09-25
802,1997-02-01
803,1997-02-01
804,1997-02-01
805,1997-02-01
805,1997-04-24
805,1997-06-26
806,1997-02-01
807,1997-02-01
808,1997-02-01
809,1997-02-01
810,1997-02-01
810,1997-03-13
810,1997-05-01
811,1997-02-02
812,1997-02-02
812,1997-03-25
813,1997-02-02
813,1997-02-05
813,1997-03-12
813,1997-04-04
813,1997-04-10
813,1997-04-26
813,1997-05-08
813,1997-05-09
813,1997-06-06
813,1997-06-30
813,1997-07-10
813,1997-07-16
813,1997-07-28
813,1997-09-27
814,1997-02-02
814,1997-02-08
814,1997-02-13
814,1997-02-14
814,1997-02-27
814,1997-03-02
814,1997-03-06
814,1997-03-13
815,1997-02-02
816,1997-02-02
817,1997-02-02
817,1997-02-25
817,1997-03-19
817,1997-09-14
818,1997-02-02
819,1997-02-02
819,1997-07-07
820,1997-02-02
821,1997-02-02
821,1997-03-07
822,1997-02-02
822,1997-06-20
823,1997-02-02
823,1997-02-04
823,1997-02-08
824,1997-02-02
825,1997-02-02
826,1997-02-02
827,1997-02-02
827,1997-04-01
828,1997-02-02
829,1997-02-02
830,1997-02-02
830,1997-06-30
831,1997-02-02
831,1997-07-19
832,1997-02-02
833,1997-02-02
834,1997-02-02
835,1997-02-02
836,1997-02-02
836,1997-06-27
836,1997-09-07
837,1997-02-02
837,1997-02-06
838,1997-02-02
839,1997-02-02
840,1997-02-02
840,1997-08-08
841,1997-02-03
841,1997-02-07
841,1997-02-10
841,1997-02-13
841,1997-02-19
841,1997-02-24
841,1997-02-26
841,1997-03-03
841,1997-03-17
841,1997-03-21
841,1997-03-24
841,1997-03-28
841,1997-04-11
841,1997-04-15
841,1997-04-22
841,1997-04-24
841,1997-06-23
841,1997-07-24
841,1997-07-25
841,1997-09-29
842,1997-02-03
842,1997-03-29
842,1997-06-30
843,1997-02-03
843,1997-08-09
843,1997-08-18
844,1997-02-03
845,1997-02-03
845,1997-02-16
845,1997-06-30
846,1997-02-03
846,1997-02-11
846,1997-05-12
847,1997-02-03
848,1997-02-03
849,1997-02-03
850,1997-02-03
850,1997-03-21
851,1997-02-03
852,1997-02-03
853,1997-02-03
854,1997-02-03
854,1997-02-06
855,1997-02-03
856,1997-02-03
856,1997-04-18
857,1997-02-03
858,1997-02-03
858,1997-02-13
859,1997-02-03
860,1997-02-03
861,1997-02-03
861,1997-06-03
861,1997-06-11
862,1997-02-03
863,1997-02-03
864,1997-02-03
865,1997-02-03
865,1997-05-18
866,1997-02-03
867,1997-02-03
867,1997-02-23
867,1997-03-16
867,1997-03-25
867,1997-04-13
867,1997-08-10
867,1997-08-15
867,1997-09-11
868,1997-02-03
869,1997-02-03
870,1997-02-03
871,1997-02-03
872,1997-02-03
873,1997-02-03
873,1997-02-04
874,1997-02-03
875,1997-02-03
876,1997-02-03
876,1997-08-16
877,1997-02-04
877,1997-05-31
878,1997-02-04
879,1997-02-04
880,1997-02-04
880,1997-03-28
880,1997-04-06
881,1997-02-04
882,1997-02-04
882,1997-04-14
883,1997-02-04
883,1997-05-22
884,1997-02-04
885,1997-02-04
886,1997-02-04
886,1997-02-07
886,1997-04-19
886,1997-06-16
886,1997-08-20
887,1997-02-04
888,1997-02-04
889,1997-02-04
889,1997-05-11
890,1997-02-04
891,1997-02-04
892,1997-02-04
893,1997-02-04
893,1997-07-21
894,1997-02-04
895,1997-02-04
896,1997-02-04
897,1997-02-04
897,1997-02-05
897,1997-03-06
897,1997-03-20
897,1997-04-10
897,1997-05-18
898,1997-02-04
898,1997-04-17
899,1997-02-04
900,1997-02-04
900,1997-07-28
901,1997-02-04
902,1997-02-04
902,1997-04-13
903,1997-02-04
904,1997-02-04
904,1997-02-20
905,1997-02-04
906,1997-02-04
907,1997-02-04
908,1997-02-04
908,1997-02-05
908,1997-02-18
908,1997-04-22
908,1997-05-06
908,1997-05-13
908,1997-07-06
908,1997-08-05
909,1997-02-04
909,1997-06-16
909,1997-06-25
910,1997-02-04
910,1997-05-04
911,1997-02-04
912,1997-02-04
913,1997-02-05
914,1997-02-05
915,1997-02-05
916,1997-02-05
916,1997-05-26
917,1997-02-05
918,1997-02-05
919,1997-02-05
920,1997-02-05
921,1997-02-05
921,1997-07-30
921,1997-09-22
922,1997-02-05
923,1997-02-05
924,1997-02-05
925,1997-02-05
926,1997-02-05
927,1997-02-05
928,1997-02-05
928,1997-04-06
929,1997-02-05
930,1997-02-05
930,1997-03-25
930,1997-04-05
930,1997-06-17
930,1997-08-07
931,1997-02-05
932,1997-02-05
932,1997-03-09
933,1997-02-05
933,1997-07-16
934,1997-02-05
935,1997-02-05
935,1997-02-23
936,1997-02-05
937,1997-02-05
937,1997-03-03
938,1997-02-06
938,1997-06-02
938,1997-09-25
939,1997-02-06
940,1997-02-06
940,1997-02-27
941,1997-02-06
942,1997-02-06
943,1997-02-06
944,1997-02-06
944,1997-03-17
944,1997-09-30
945,1997-02-06
946,1997-02-06
946,1997-02-22
946,1997-02-26
946,1997-03-10
946,1997-05-24
947,1997-02-06
948,1997-02-06
948,1997-03-21
949,1997-02-06
949,1997-02-07
949,1997-02-12
949,1997-02-14
949,1997-03-03
949,1997-08-13
949,1997-09-15
949,1997-09-22
950,1997-02-06
950,1997-02-14
951,1997-02-06
952,1997-02-06
952,1997-02-22
953,1997-02-06
954,1997-02-06
955,1997-02-06
955,1997-03-13
955,1997-05-18
955,1997-05-21
955,1997-07-24
956,1997-02-06
957,1997-02-06
957,1997-03-25
958,1997-02-06
959,1997-02-06
960,1997-02-06
961,1997-02-06
962,1997-02-06
962,1997-02-13
963,1997-02-06
964,1997-02-06
964,1997-03-25
964,1997-03-31
964,1997-05-16
964,1997-06-30
964,1997-07-14
964,1997-08-12
964,1997-09-05
965,1997-02-06
965,1997-04-24
966,1997-02-06
967,1997-02-06
967,1997-02-26
967,1997-03-03
967,1997-04-22
967,1997-06-20
967,1997-07-27
967,1997-09-03
968,1997-02-06
969,1997-02-06
969,1997-02-12
969,1997-02-22
969,1997-06-02
969,1997-06-04
969,1997-06-14
970,1997-02-06
971,1997-02-06
971,1997-03-30
971,1997-05-17
972,1997-02-06
973,1997-02-06
973,1997-06-08
974,1997-02-06
975,1997-02-06
975,1997-02-09
975,1997-07-23
975,1997-07-27
975,1997-07-29
975,1997-09-03
975,1997-09-07
976,1997-02-06
977,1997-02-06
977,1997-03-23
977,1997-04-27
978,1997-02-06
979,1997-02-06
980,1997-02-06
981,1997-02-07
981,1997-04-16
981,1997-05-30
982,1997-02-07
982,1997-05-31
982,1997-08-16
983,1997-02-07
984,1997-02-07
985,1997-02-07
985,1997-04-08
985,1997-04-09
985,1997-04-30
985,1997-06-24
985,1997-07-26
985,1997-08-01
986,1997-02-07
987,1997-02-07
988,1997-02-07
988,1997-06-27
989,1997-02-07
990,1997-02-07
990,1997-07-27
991,1997-02-07
992,1997-02-07
993,1997-02-07
994,1997-02-07
994,1997-02-13
994,1997-04-23
995,1997-02-07
996,1997-02-07
997,1997-02-07
998,1997-02-07
999,1997-02-07
999,1997-02-19
1000,1997-02-07
1000,1997-03-13
1000,1997-04-28
1000,1997-06-04
1000,1997-07-28
1001,1997-02-07
1002,1997-02-07
1003,1997-02-07
1003,1997-08-13
1004,1997-02-07
1005,1997-02-07
1005,1997-03-06
1006,1997-02-07
1007,1997-02-08
1008,1997-02-08
1008,1997-02-18
1009,1997-02-08
1010,1997-02-08
1010,1997-03-25
1010,1997-03-26
1010,1997-06-19
1010,1997-06-20
1010,1997-07-06
1011,1997-02-08
1011,1997-05-17
1011,1997-06-20
1012,1997-02-08
1013,1997-02-08
1014,1997-02-08
1015,1997-02-08
1015,1997-03-01
1015,1997-04-19
1015,1997-08-09
1016,1997-02-08
1017,1997-02-08
1017,1997-02-20
1017,1997-02-22
1017,1997-03-28
1017,1997-04-04
1017,1997-04-26
1017,1997-05-05
1017,1997-06-16
1017,1997-07-07
1017,1997-07-21
1017,1997-07-28
1017,1997-09-02
1017,1997-09-23
1018,1997-02-08
1018,1997-04-13
1019,1997-02-08
1020,1997-02-08
1021,1997-02-08
1021,1997-06-22
1021,1997-07-08
1022,1997-02-08
1023,1997-02-08
1024,1997-02-08
1025,1997-02-08
1026,1997-02-08
1027,1997-02-08
1028,1997-02-08
1029,1997-02-08
1030,1997-02-08
1031,1997-02-08
1032,1997-02-08
1033,1997-02-08
1034,1997-02-08
1035,1997-02-08
1036,1997-02-08
1037,1997-02-08
1037,1997-02-12
1037,1997-03-13
1037,1997-04-14
1037,1997-05-19
1038,1997-02-09
1038,1997-07-21
1039,1997-02-09
1039,1997-04-11
1040,1997-02-09
1041,1997-02-09
1042,1997-02-09
1042,1997-04-01
1042,1997-05-12
1042,1997-06-15
1043,1997-02-09
1044,1997-02-09
1044,1997-09-30
1045,1997-02-09
1046,1997-02-09
1046,1997-02-13
1047,1997-02-09
1048,1997-02-09
1049,1997-02-09
1050,1997-02-09
1051,1997-02-09
1051,1997-04-29
1051,1997-07-01
1051,1997-07-05
1051,1997-08-03
1052,1997-02-09
1053,1997-02-09
1054,1997-02-09
1054,1997-02-11
1054,1997-06-23
1055,1997-02-09
1056,1997-02-09
1056,1997-05-07
1056,1997-06-08
1056,1997-08-16
1056,1997-09-18
1056,1997-09-23
1057,1997-02-09
1058,1997-02-09
1058,1997-04-21
1058,1997-06-22
1058,1997-07-31
1059,1997-02-09
1059,1997-02-10
1060,1997-02-09
1061,1997-02-09
1062,1997-02-09
1062,1997-02-24
1062,1997-05-02
1062,1997-05-12
1063,1997-02-09
1064,1997-02-09
1065,1997-02-09
1066,1997-02-09
1067,1997-02-10
1068,1997-02-10
1069,1997-02-10
1070,1997-02-10
1071,1997-02-10
1071,1997-02-24
1071,1997-03-10
1072,1997-02-10
1073,1997-02-10
1074,1997-02-10
1075,1997-02-10
1075,1997-03-05
1075,1997-03-16
1076,1997-02-10
1076,1997-05-06
1076,1997-05-16
1076,1997-06-25
1077,1997-02-10
1078,1997-02-10
1079,1997-02-10
1080,1997-02-10
1081,1997-02-10
1081,1997-02-13
1081,1997-02-22
1081,1997-02-25
1081,1997-03-09
1081,1997-03-26
1081,1997-04-07
1081,1997-05-16
1081,1997-06-02
1081,1997-07-28
1081,1997-07-30
1081,1997-09-22
1082,1997-02-10
1083,1997-02-10
1084,1997-02-10
1084,1997-02-11
1084,1997-02-26
1085,1997-02-10
1086,1997-02-10
1086,1997-06-23
1087,1997-02-10
1088,1997-02-10
1088,1997-02-17
1088,1997-03-03
1088,1997-03-16
1088,1997-07-04
1088,1997-08-02
1088,1997-08-03
1088,1997-08-30
1089,1997-02-10
1090,1997-02-10
1091,1997-02-10
1091,1997-06-23
1092,1997-02-10
1093,1997-02-10
1093,1997-03-24
1093,1997-04-14
1093,1997-05-05
1094,1997-02-10
1095,1997-02-10
1095,1997-03-13
1095,1997-08-25
1096,1997-02-10
1097,1997-02-10
1097,1997-02-24
1098,1997-02-10
1099,1997-02-10
1099,1997-02-18
1099,1997-04-09
1099,1997-05-06
1099,1997-08-04
1100,1997-02-11
1100,1997-04-09
1100,1997-05-29
1101,1997-02-11
1101,1997-03-14
1101,1997-03-25
1102,1997-02-11
1102,1997-06-19
1103,1997-02-11
1104,1997-02-11
1105,1997-02-11
1106,1997-02-11
1107,1997-02-11
1108,1997-02-11
1108,1997-04-12
1109,1997-02-11
1109,1997-02-24
1109,1997-05-23
1109,1997-09-11
1110,1997-02-11
1111,1997-02-11
1112,1997-02-11
1112,1997-06-20
1113,1997-02-11
1113,1997-02-17
1114,1997-02-11
1114,1997-02-12
1114,1997-03-11
1114,1997-03-24
1114,1997-04-07
1114,1997-05-07
1114,1997-06-20
1115,1997-02-11
1116,1997-02-11
1117,1997-02-11
1117,1997-03-11
1117,1997-06-17
1117,1997-07-27
1117,1997-09-02
1118,1997-02-11
1119,1997-02-11
1120,1997-02-11
1120,1997-02-20
1121,1997-02-11
1122,1997-02-11
1122,1997-03-09
1122,1997-04-21
1123,1997-02-11
1124,1997-02-11
1124,1997-02-28
1125,1997-02-11
1125,1997-02-22
1125,1997-03-21
1125,1997-04-20
1126,1997-02-11
1126,1997-02-15
1126,1997-02-23
1126,1997-07-10
1126,1997-07-15
1126,1997-07-27
1126,1997-08-18
1126,1997-09-12
1127,1997-02-11
1127,1997-04-05
1127,1997-05-27
1128,1997-02-11
1129,1997-02-11
1129,1997-04-12
1129,1997-06-08
1129,1997-06-26
1129,1997-09-14
1129,1997-09-24
1130,1997-02-11
1131,1997-02-11
1132,1997-02-11
1133,1997-02-12
1134,1997-02-12
1134,1997-03-24
1134,1997-04-08
1134,1997-07-30
1134,1997-09-07
1134,1997-09-27
1135,1997-02-12
1136,1997-02-12
1136,1997-02-15
1136,1997-02-17
1136,1997-02-24
1136,1997-02-25
1136,1997-03-12
1136,1997-03-17
1136,1997-03-29
1136,1997-04-01
1136,1997-04-06
1136,1997-04-15
1136,1997-05-07
1136,1997-06-16
1137,1997-02-12
1137,1997-06-21
1138,1997-02-12
1139,1997-02-12
1139,1997-06-24
1140,1997-02-12
1141,1997-02-12
1141,1997-02-17
1142,1997-02-12
1143,1997-02-12
1144,1997-02-12
1145,1997-02-12
1146,1997-02-12
1146,1997-03-04
1146,1997-03-11
1146,1997-04-13
1147,1997-02-12
1148,1997-02-12
1149,1997-02-12
1150,1997-02-12
1151,1997-02-12
1152,1997-02-12
1152,1997-05-08
1153,1997-02-12
1154,1997-02-12
1154,1997-02-16
1155,1997-02-12
1156,1997-02-12
1157,1997-02-12
1158,1997-02-13
1159,1997-02-13
1160,1997-02-13
1160,1997-07-18
1160,1997-08-24
1160,1997-09-19
1160,1997-09-21
1161,1997-02-13
1162,1997-02-13
1163,1997-02-13
1164,1997-02-13
1164,1997-04-08
1164,1997-06-01
1165,1997-02-13
1166,1997-02-13
1166,1997-02-17
1166,1997-02-18
1166,1997-02-19
1166,1997-02-22
1167,1997-02-13
1168,1997-02-13
1168,1997-02-18
1169,1997-02-13
1170,1997-02-13
1170,1997-03-04
1171,1997-02-13
1172,1997-02-13
1172,1997-02-27
1172,1997-02-28
1172,1997-03-27
1173,1997-02-13
1174,1997-02-13
1175,1997-02-13
1176,1997-02-13
1177,1997-02-13
1178,1997-02-13
1178,1997-04-16
1179,1997-02-13
1180,1997-02-13
1181,1997-02-13
1181,1997-02-17
1181,1997-08-18
1181,1997-08-31
1182,1997-02-13
1183,1997-02-14
1183,1997-05-21
1183,1997-07-02
1183,1997-07-08
1184,1997-02-14
1184,1997-04-03
1184,1997-04-10
1184,1997-05-22
1184,1997-07-09
1185,1997-02-14
1185,1997-09-13
1186,1997-02-14
1187,1997-02-14
1187,1997-09-14
1187,1997-09-30
1188,1997-02-14
1188,1997-03-11
1189,1997-02-14
1189,1997-08-02
1189,1997-09-24
1190,1997-02-14
1190,1997-02-20
1191,1997-02-14
1192,1997-02-14
1193,1997-02-14
1193,1997-02-15
1193,1997-02-22
1194,1997-02-14
1194,1997-02-25
1195,1997-02-14
1196,1997-02-14
1197,1997-02-14
1198,1997-02-14
1198,1997-02-18
1199,1997-02-14
1199,1997-02-24
1199,1997-03-21
1199,1997-03-31
1199,1997-04-20
1199,1997-04-24
1199,1997-05-07
1199,1997-05-30
1200,1997-02-14
1201,1997-02-14
1201,1997-03-18
1201,1997-03-27
1201,1997-05-20
1201,1997-06-27
1201,1997-07-24
1201,1997-08-20
1202,1997-02-14
1203,1997-02-14
1203,1997-02-22
1203,1997-04-26
1203,1997-06-01
1203,1997-06-08
1203,1997-08-21
1203,1997-09-09
1204,1997-02-14
1205,1997-02-14
1206,1997-02-14
1207,1997-02-14
1207,1997-02-16
1208,1997-02-15
1209,1997-02-15
1210,1997-02-15
1211,1997-02-15
1212,1997-02-15
1213,1997-02-15
1214,1997-02-15
1215,1997-02-15
1216,1997-02-15
1217,1997-02-15
1217,1997-03-30
1218,1997-02-15
1219,1997-02-15
1220,1997-02-15
1220,1997-03-13
1221,1997-02-15
1222,1997-02-15
1223,1997-02-15
1224,1997-02-15
1225,1997-02-15
1226,1997-02-15
1227,1997-02-15
1227,1997-06-29
1227,1997-07-26
1227,1997-08-31
1228,1997-02-15
1229,1997-02-15
1230,1997-02-16
1230,1997-02-21
1230,1997-03-14
1230,1997-08-16
1231,1997-02-16
1232,1997-02-16
1232,1997-04-08
1232,1997-04-29
1232,1997-08-28
1233,1997-02-16
1234,1997-02-16
1234,1997-02-24
1234,1997-03-26
1234,1997-03-29
1234,1997-04-03
1234,1997-04-20
1234,1997-07-10
1234,1997-07-19
1234,1997-07-27
1235,1997-02-16
1236,1997-02-16
1236,1997-02-22
1237,1997-02-16
1238,1997-02-16
1239,1997-02-16
1239,1997-04-06
1239,1997-05-19
1240,1997-02-16
1241,1997-02-16
1242,1997-02-16
1242,1997-02-22
1242,1997-03-25
1242,1997-04-25
1242,1997-05-10
1242,1997-05-24
1242,1997-05-31
1242,1997-06-07
1242,1997-06-18
1242,1997-06-24
1242,1997-07-08
1242,1997-09-20
1243,1997-02-16
1244,1997-02-16
1244,1997-02-25
1245,1997-02-16
1245,1997-02-22
1245,1997-03-11
1245,1997-03-23
1245,1997-07-25
1245,1997-09-03
1245,1997-09-05
1245,1997-09-29
1245,1997-09-30
1246,1997-02-16
1247,1997-02-16
1247,1997-03-13
1248,1997-02-16
1249,1997-02-16
1249,1997-04-12
1250,1997-02-16
1251,1997-02-16
1252,1997-02-16
1252,1997-04-16
1252,1997-05-29
1252,1997-07-30
1253,1997-02-16
1254,1997-02-16
1255,1997-02-16
1256,1997-02-16
1257,1997-02-16
1258,1997-02-16
1258,1997-04-15
1258,1997-05-14
1258,1997-05-27
1259,1997-02-16
1259,1997-03-08
1260,1997-02-16
1261,1997-02-16
1261,1997-07-05
1262,1997-02-16
1262,1997-02-22
1262,1997-04-06
1262,1997-05-05
1262,1997-06-15
1262,1997-07-20
1262,1997-08-10
1263,1997-02-16
1264,1997-02-16
1264,1997-05-03
1264,1997-07-16
1265,1997-02-17
1265,1997-06-27
1266,1997-02-17
1266,1997-02-18
1267,1997-02-17
1268,1997-02-17
1268,1997-03-09
1269,1997-02-17
1269,1997-02-22
1270,1997-02-17
1271,1997-02-17
1271,1997-03-20
1271,1997-05-05
1271,1997-05-11
1272,1997-02-17
1272,1997-05-04
1272,1997-06-28
1273,1997-02-17
1274,1997-02-17
1275,1997-02-17
1276,1997-02-17
1276,1997-02-19
1276,1997-03-06
1277,1997-02-17
1277,1997-04-09
1278,1997-02-17
1278,1997-06-08
1279,1997-02-17
1280,1997-02-17
1281,1997-02-17
1282,1997-02-17
1283,1997-02-17
1283,1997-02-23
1283,1997-02-24
1283,1997-02-27
1284,1997-02-17
1284,1997-03-27
1284,1997-04-16
1285,1997-02-17
1286,1997-02-17
1286,1997-02-21
1286,1997-03-18
1286,1997-07-01
1287,1997-02-17
1288,1997-02-17
1289,1997-02-17
1289,1997-04-02
1290,1997-02-17
1290,1997-02-25
1290,1997-04-21
1290,1997-08-08
1290,1997-08-09
1291,1997-02-17
1292,1997-02-17
1292,1997-03-17
1292,1997-04-15
1292,1997-05-12
1292,1997-05-29
1292,1997-08-19
1292,1997-09-20
1293,1997-02-17
1294,1997-02-17
1294,1997-03-30
1295,1997-02-17
1295,1997-09-16
1296,1997-02-17
1296,1997-02-27
1296,1997-04-12
1296,1997-06-03
1296,1997-08-30
1297,1997-02-17
1298,1997-02-17
1298,1997-08-25
1298,1997-08-26
1299,1997-02-17
1300,1997-02-17
1300,1997-03-16
1300,1997-04-13
1300,1997-06-01
1300,1997-09-26
1301,1997-02-18
1302,1997-02-18
1303,1997-02-18
1304,1997-02-18
1305,1997-02-18
1305,1997-05-26
1305,1997-07-19
1306,1997-02-18
1307,1997-02-18
1307,1997-09-14
1308,1997-02-18
1309,1997-02-18
1309,1997-06-24
1310,1997-02-18
1310,1997-03-14
1310,1997-04-15
1311,1997-02-18
1312,1997-02-18
1313,1997-02-18
1313,1997-04-30
1314,1997-02-18
1315,1997-02-18
1316,1997-02-18
1316,1997-03-18
1316,1997-05-12
1317,1997-02-18
1317,1997-04-23
1318,1997-02-18
1319,1997-02-18
1320,1997-02-18
1320,1997-03-18
1320,1997-03-24
1320,1997-04-03
1321,1997-02-18
1322,1997-02-18
1323,1997-02-18
1324,1997-02-18
1325,1997-02-18
1326,1997-02-18
1327,1997-02-18
1327,1997-07-01
1328,1997-02-18
1328,1997-09-11
1329,1997-02-18
1329,1997-03-05
1329,1997-05-20
1329,1997-08-03
1330,1997-02-18
1330,1997-05-26
1330,1997-08-27
1331,1997-02-18
1332,1997-02-18
1333,1997-02-18
1334,1997-02-18
1334,1997-03-22
1335,1997-02-19
1336,1997-02-19
1337,1997-02-19
1338,1997-02-19
1338,1997-03-08
1338,1997-04-13
1338,1997-07-06
1338,1997-09-11
1339,1997-02-19
1340,1997-02-19
1340,1997-03-02
1341,1997-02-19
1341,1997-02-20
1341,1997-02-27
1341,1997-03-14
1342,1997-02-19
1343,1997-02-19
1344,1997-02-19
1345,1997-02-19
1346,1997-02-19
1347,1997-02-19
1348,1997-02-19
1348,1997-09-14
1348,1997-09-21
1348,1997-09-22
1349,1997-02-19
1349,1997-08-04
1350,1997-02-19
1351,1997-02-19
1351,1997-02-26
1352,1997-02-19
1352,1997-09-21
1353,1997-02-19
1353,1997-02-22
1353,1997-05-08
1354,1997-02-19
1355,1997-02-19
1355,1997-05-15
1355,1997-08-08
1356,1997-02-19
1357,1997-02-19
1358,1997-02-19
1359,1997-02-19
1359,1997-05-17
1359,1997-06-20
1359,1997-08-18
1360,1997-02-19
1361,1997-02-19
1361,1997-09-21
1362,1997-02-19
1363,1997-02-19
1363,1997-07-04
1364,1997-02-19
1365,1997-02-20
1365,1997-03-02
1365,1997-03-04
1365,1997-03-05
1365,1997-04-05
1365,1997-06-26
1365,1997-06-29
1365,1997-07-08
1365,1997-08-10
1365,1997-09-22
1366,1997-02-20
1367,1997-02-20
1368,1997-02-20
1368,1997-03-23
1368,1997-04-03
1368,1997-04-15
1368,1997-04-20
1369,1997-02-20
1370,1997-02-20
1370,1997-04-27
1370,1997-08-03
1371,1997-02-20
1372,1997-02-20
1372,1997-05-02
1372,1997-05-31
1372,1997-06-03
1372,1997-06-28
1372,1997-08-21
1373,1997-02-20
1374,1997-02-20
1375,1997-02-20
1375,1997-03-29
1376,1997-02-20
1377,1997-02-20
1378,1997-02-20
1378,1997-07-31
1379,1997-02-20
1380,1997-02-20
1381,1997-02-20
1381,1997-05-08
1381,1997-05-13
1382,1997-02-20
1383,1997-02-20
1384,1997-02-20
1385,1997-02-20
1386,1997-02-20
1387,1997-02-20
1387,1997-02-22
1387,1997-03-02
1387,1997-08-16
1387,1997-09-20
1388,1997-02-20
1388,1997-03-27
1389,1997-02-20
1390,1997-02-21
1391,1997-02-21
1391,1997-02-28
1392,1997-02-21
1392,1997-02-23
1392,1997-04-04
1392,1997-04-18
1392,1997-06-02
1392,1997-07-31
1393,1997-02-21
1394,1997-02-21
1395,1997-02-21
1396,1997-02-21
1396,1997-04-15
1397,1997-02-21
1398,1997-02-21
1398,1997-05-10
1399,1997-02-21
1400,1997-02-21
1400,1997-04-18
1401,1997-02-21
1402,1997-02-21
1402,1997-04-08
1403,1997-02-21
1404,1997-02-21
1405,1997-02-21
1406,1997-02-21
1407,1997-02-21
1407,1997-02-27
1408,1997-02-21
1408,1997-03-25
1408,1997-07-13
1408,1997-09-06
1409,1997-02-21
1410,1997-02-21
1411,1997-02-21
1411,1997-03-07
1411,1997-05-30
1412,1997-02-21
1413,1997-02-21
1413,1997-02-26
1413,1997-03-08
1413,1997-03-16
1413,1997-04-09
1413,1997-04-29
1413,1997-05-15
1413,1997-06-03
1413,1997-06-10
1413,1997-06-14
1413,1997-06-24
1413,1997-07-29
1413,1997-09-06
1413,1997-09-14
1413,1997-09-21
1414,1997-02-21
1414,1997-03-19
1414,1997-03-24
1414,1997-04-01
1414,1997-06-19
1415,1997-02-22
1416,1997-02-22
1417,1997-02-22
1418,1997-02-22
1419,1997-02-22
1420,1997-02-22
1421,1997-02-22
1421,1997-03-06
1421,1997-09-21
1422,1997-02-22
1423,1997-02-22
1424,1997-02-22
1424,1997-04-08
1424,1997-08-14
1425,1997-02-22
1426,1997-02-22
1426,1997-04-06
1426,1997-05-18
1426,1997-07-03
1427,1997-02-22
1428,1997-02-22
1428,1997-03-10
1428,1997-04-07
1429,1997-02-22
1430,1997-02-22
1431,1997-02-22
1431,1997-03-04
1432,1997-02-22
1432,1997-09-02
1433,1997-02-22
1433,1997-02-23
1433,1997-03-02
1433,1997-04-17
1433,1997-05-01
1433,1997-05-22
1433,1997-07-09
1434,1997-02-22
1434,1997-08-24
1435,1997-02-22
1435,1997-03-21
1435,1997-04-20
1435,1997-05-04
1435,1997-05-19
1435,1997-05-31
1435,1997-06-29
1436,1997-02-22
1437,1997-02-22
1437,1997-03-13
1438,1997-02-22
1438,1997-03-11
1438,1997-04-15
1439,1997-02-22
1440,1997-02-22
1441,1997-02-22
1441,1997-07-02
1441,1997-07-30
1442,1997-02-22
1442,1997-07-30
1443,1997-02-22
1444,1997-02-22
1444,1997-06-30
1444,1997-07-22
1445,1997-02-22
1445,1997-09-28
1446,1997-02-22
1447,1997-02-23
1447,1997-05-01
1448,1997-02-23
1449,1997-02-23
1449,1997-05-03
1449,1997-07-20
1450,1997-02-23
1451,1997-02-23
1452,1997-02-23
1452,1997-04-17
1452,1997-04-30
1452,1997-06-25
1453,1997-02-23
1454,1997-02-23
1455,1997-02-23
1456,1997-02-23
1457,1997-02-23
1458,1997-02-23
1459,1997-02-23
1460,1997-02-23
1460,1997-03-03
1460,1997-04-08
1460,1997-04-18
1460,1997-05-26
1461,1997-02-23
1462,1997-02-23
1462,1997-03-03
1462,1997-04-23
1462,1997-07-11
1462,1997-07-14
1463,1997-02-23
1464,1997-02-23
1464,1997-04-06
1465,1997-02-23
1466,1997-02-23
1467,1997-02-23
1467,1997-02-25
1467,1997-03-05
1467,1997-04-10
1467,1997-06-03
1467,1997-09-15
1468,1997-02-23
1469,1997-02-23
1469,1997-03-24
1469,1997-08-30
1470,1997-02-23
1471,1997-02-24
1471,1997-06-24
1472,1997-02-24
1473,1997-02-24
1473,1997-03-27
1473,1997-04-21
1473,1997-06-03
1473,1997-07-06
1473,1997-08-31
1474,1997-02-24
1475,1997-02-24
1475,1997-03-12
1476,1997-02-24
1476,1997-08-14
1476,1997-08-27
1477,1997-02-24
1478,1997-02-24
1478,1997-04-03
1478,1997-05-21
1479,1997-02-24
1479,1997-02-26
1479,1997-07-08
1480,1997-02-24
1481,1997-02-24
1482,1997-02-24
1482,1997-06-21
1483,1997-02-24
1484,1997-02-24
1485,1997-02-24
1486,1997-02-24
1487,1997-02-24
1488,1997-02-24
1489,1997-02-24
1489,1997-08-26
1490,1997-02-24
1490,1997-03-16
1490,1997-03-31
1491,1997-02-24
1492,1997-02-24
1493,1997-02-24
1494,1997-02-24
1495,1997-02-24
1495,1997-03-09
1495,1997-04-21
1495,1997-07-29
1496,1997-02-24
1497,1997-02-24
1497,1997-03-31
1497,1997-06-01
1497,1997-06-30
1497,1997-07-28
1498,1997-02-24
1499,1997-02-24
1499,1997-03-10
1500,1997-02-24
1501,1997-02-24
1502,1997-02-24
1502,1997-07-14
1502,1997-08-20
1502,1997-08-24
1503,1997-02-24
1503,1997-03-18
1504,1997-02-24
1505,1997-02-24
1505,1997-04-28
1505,1997-08-19
1506,1997-02-24
1507,1997-02-24
1507,1997-03-20
1507,1997-03-24
1508,1997-02-25
1508,1997-05-09
1509,1997-02-25
1510,1997-02-25
1511,1997-02-25
1512,1997-02-25
1512,1997-04-01
1512,1997-04-21
1512,1997-04-30
1512,1997-07-08
1513,1997-02-25
1514,1997-02-25
1515,1997-02-25
1516,1997-02-25
1516,1997-02-28
1516,1997-03-29
1516,1997-06-09
1516,1997-06-11
1516,1997-07-02
1516,1997-07-05
1516,1997-07-11
1516,1997-07-21
1516,1997-07-22
1516,1997-07-24
1516,1997-07-26
1516,1997-07-30
1516,1997-08-02
1516,1997-08-08
1516,1997-08-10
1516,1997-08-12
1516,1997-08-18
1516,1997-08-20
1516,1997-08-22
1516,1997-09-06
1516,1997-09-10
1516,1997-09-14
1516,1997-09-16
1516,1997-09-17
1516,1997-09-21
1516,1997-09-29
1517,1997-02-25
1517,1997-09-27
1518,1997-02-25
1518,1997-03-11
1518,1997-03-26
1518,1997-04-02
1518,1997-04-13
1518,1997-04-16
1518,1997-08-27
1519,1997-02-25
1520,1997-02-25
1521,1997-02-25
1521,1997-04-24
1522,1997-02-25
1523,1997-02-25
1524,1997-02-25
1525,1997-02-25
1525,1997-09-06
1525,1997-09-27
1526,1997-02-25
1527,1997-02-25
1528,1997-02-25
1529,1997-02-25
1529,1997-03-04
1529,1997-03-08
1530,1997-02-25
1531,1997-02-25
1532,1997-02-25
1532,1997-06-27
1533,1997-02-25
1533,1997-04-21
1533,1997-07-13
1534,1997-02-25
1535,1997-02-25
1535,1997-09-18
1536,1997-02-25
1537,1997-02-25
1538,1997-02-25
1539,1997-02-26
1539,1997-03-08
1539,1997-03-21
1539,1997-03-24
1539,1997-04-09
1539,1997-04-30
1539,1997-05-18
1539,1997-05-27
1539,1997-06-14
1539,1997-06-16
1539,1997-07-05
1539,1997-07-26
1539,1997-08-09
1539,1997-08-24
1539,1997-09-23
1540,1997-02-26
1541,1997-02-26
1541,1997-03-17
1542,1997-02-26
1543,1997-02-26
1543,1997-03-26
1543,1997-04-03
1544,1997-02-26
1544,1997-04-02
1544,1997-05-08
1544,1997-05-29
1544,1997-08-23
1545,1997-02-26
1546,1997-02-26
1546,1997-03-17
1547,1997-02-26
1547,1997-03-26
1547,1997-05-14
1547,1997-07-01
1547,1997-07-24
1547,1997-08-27
1547,1997-09-19
1548,1997-02-26
1549,1997-02-26
1550,1997-02-26
1550,1997-02-27
1551,1997-02-26
1551,1997-03-18
1551,1997-04-25
1551,1997-08-27
1552,1997-02-26
1552,1997-03-13
1553,1997-02-26
1554,1997-02-26
1555,1997-02-26
1556,1997-02-26
1557,1997-02-26
1557,1997-06-20
1558,1997-02-26
1558,1997-03-14
1559,1997-02-26
1560,1997-02-26
1560,1997-03-06
1560,1997-03-18
1560,1997-03-20
1560,1997-03-27
1560,1997-03-30
1560,1997-04-06
1560,1997-04-16
1560,1997-09-15
1561,1997-02-26
1562,1997-02-26
1563,1997-02-26
1564,1997-02-26
1565,1997-02-26
1566,1997-02-26
1567,1997-02-26
1567,1997-02-27
1567,1997-08-22
1567,1997-08-26
1568,1997-02-26
1569,1997-02-26
1569,1997-04-05
1570,1997-02-26
1571,1997-02-26
1572,1997-02-26
1572,1997-03-09
1572,1997-06-21
1572,1997-09-26
1573,1997-02-26
1574,1997-02-26
1574,1997-03-06
1575,1997-02-27
1575,1997-05-13
1576,1997-02-27
1576,1997-03-20
1577,1997-02-27
1577,1997-07-31
1578,1997-02-27
1579,1997-02-27
1579,1997-03-26
1580,1997-02-27
1580,1997-03-04
1580,1997-03-06
1580,1997-04-25
1580,1997-04-28
1580,1997-04-30
1580,1997-05-13
1580,1997-05-16
1580,1997-05-19
1580,1997-05-22
1581,1997-02-27
1582,1997-02-27
1583,1997-02-27
1583,1997-04-19
1583,1997-06-11
1583,1997-08-31
1584,1997-02-27
1585,1997-02-27
1586,1997-02-27
1587,1997-02-27
1588,1997-02-27
1588,1997-04-21
1589,1997-02-27
1590,1997-02-27
1591,1997-02-27
1592,1997-02-27
1593,1997-02-27
1593,1997-03-13
1594,1997-02-27
1595,1997-02-27
1595,1997-03-19
1595,1997-03-27
1596,1997-02-27
1597,1997-02-27
1597,1997-03-08
1597,1997-04-05
1597,1997-04-14
1597,1997-07-19
1598,1997-02-27
1598,1997-08-21
1599,1997-02-27
1600,1997-02-27
1601,1997-02-27
1602,1997-02-27
1603,1997-02-27
1604,1997-02-27
1605,1997-02-27
1605,1997-03-02
1605,1997-07-27
1606,1997-02-27
1607,1997-02-27
1607,1997-08-19
1608,1997-02-27
1608,1997-09-27
1609,1997-02-28
1609,1997-06-11
1610,1997-02-28
1611,1997-02-28
1611,1997-03-07
1611,1997-05-14
1611,1997-07-01
1612,1997-02-28
1612,1997-03-13
1612,1997-04-11
1613,1997-02-28
1614,1997-02-28
1614,1997-03-07
1614,1997-09-10
1615,1997-02-28
1615,1997-06-13
1615,1997-06-23
1615,1997-07-27
1615,1997-07-30
1615,1997-09-15
1616,1997-02-28
1617,1997-02-28
1617,1997-06-24
1618,1997-02-28
1619,1997-02-28
1620,1997-02-28
1620,1997-03-12
1621,1997-02-28
1621,1997-08-28
1622,1997-02-28
1623,1997-02-28
1624,1997-02-28
1625,1997-02-28
1626,1997-02-28
1626,1997-03-23
1627,1997-02-28
1628,1997-02-28
1628,1997-04-14
1628,1997-07-02
1628,1997-08-07
1628,1997-08-11
1628,1997-08-28
1629,1997-02-28
1629,1997-09-13
1630,1997-02-28
1631,1997-02-28
1631,1997-04-09
1632,1997-02-28
1633,1997-02-28
1633,1997-03-06
1633,1997-06-03
1633,1997-07-28
1633,1997-09-03
1634,1997-02-28
1635,1997-02-28
1636,1997-02-28
1637,1997-02-28
1638,1997-02-28
1639,1997-03-01
1639,1997-05-04
1639,1997-05-19
1639,1997-06-15
1639,1997-07-31
1640,1997-03-01
1640,1997-05-05
1640,1997-05-12
1640,1997-05-29
1641,1997-03-01
1642,1997-03-01
1643,1997-03-01
1644,1997-03-01
1644,1997-06-30
1645,1997-03-01
1646,1997-03-01
1646,1997-03-24
1647,1997-03-01
1648,1997-03-01
1648,1997-04-02
1648,1997-05-02
1649,1997-03-01
1650,1997-03-01
1651,1997-03-01
1652,1997-03-01
1652,1997-03-09
1652,1997-08-19
1653,1997-03-01
1653,1997-04-01
1653,1997-05-04
1653,1997-06-19
1653,1997-07-25
1654,1997-03-01
1655,1997-03-01
1656,1997-03-01
1657,1997-03-01
1658,1997-03-01
1658,1997-06-10
1658,1997-07-16
1659,1997-03-01
1660,1997-03-01
1661,1997-03-01
1662,1997-03-01
1662,1997-06-27
1663,1997-03-01
1664,1997-03-01
1664,1997-04-12
1665,1997-03-02
1665,1997-04-01
1666,1997-03-02
1667,1997-03-02
1668,1997-03-02
1668,1997-04-28
1668,1997-06-03
1668,1997-06-28
1669,1997-03-02
1669,1997-06-11
1669,1997-08-31
1669,1997-09-30
1670,1997-03-02
1671,1997-03-02
1671,1997-04-30
1671,1997-08-29
1672,1997-03-02
1673,1997-03-02
1673,1997-07-28
1674,1997-03-02
1675,1997-03-02
1675,1997-08-21
1676,1997-03-02
1677,1997-03-02
1678,1997-03-02
1679,1997-03-02
1679,1997-05-18
1679,1997-06-22
1679,1997-07-27
1679,1997-09-04
1679,1997-09-16
1680,1997-03-02
1680,1997-04-29
1681,1997-03-02
1681,1997-03-18
1681,1997-04-16
1681,1997-07-08
1682,1997-03-02
1683,1997-03-02
1683,1997-06-24
1683,1997-07-16
1684,1997-03-02
1684,1997-03-15
1685,1997-03-02
1686,1997-03-02
1686,1997-05-12
1687,1997-03-02
1688,1997-03-02
1689,1997-03-02
1690,1997-03-02
1690,1997-08-03
1691,1997-03-02
1692,1997-03-02
1692,1997-03-15
1692,1997-03-29
1693,1997-03-02
1694,1997-03-02
1695,1997-03-02
1696,1997-03-03
1696,1997-03-11
1696,1997-07-05
1697,1997-03-03
1697,1997-06-19
1697,1997-06-29
1697,1997-07-27
1698,1997-03-03
1699,1997-03-03
1700,1997-03-03
1700,1997-03-14
1700,1997-03-23
1700,1997-03-28
1700,1997-04-04
1700,1997-09-29
1701,1997-03-03
1702,1997-03-03
1702,1997-03-12
1702,1997-03-17
1703,1997-03-03
1704,1997-03-03
1705,1997-03-03
1706,1997-03-03
1707,1997-03-03
1708,1997-03-03
1708,1997-03-12
1709,1997-03-03
1709,1997-06-24
1710,1997-03-03
1711,1997-03-03
1712,1997-03-03
1712,1997-04-07
1712,1997-04-13
1712,1997-06-06
1712,1997-06-23
1712,1997-07-13
1712,1997-08-11
1712,1997-09-02
1712,1997-09-03
1712,1997-09-19
1713,1997-03-03
1713,1997-03-25
1713,1997-05-04
1714,1997-03-03
1715,1997-03-03
1715,1997-04-16
1716,1997-03-03
1716,1997-03-18
1717,1997-03-03
1718,1997-03-03
1719,1997-03-03
1720,1997-03-03
1720,1997-08-03
1721,1997-03-03
1721,1997-08-03
1722,1997-03-03
1723,1997-03-03
1724,1997-03-03
1725,1997-03-03
1726,1997-03-04
1727,1997-03-04
1728,1997-03-04
1728,1997-03-12
1728,1997-04-11
1729,1997-03-04
1730,1997-03-04
1731,1997-03-04
1732,1997-03-04
1733,1997-03-04
1733,1997-03-06
1733,1997-07-29
1733,1997-09-28
1734,1997-03-04
1735,1997-03-04
1736,1997-03-04
1737,1997-03-04
1737,1997-07-28
1738,1997-03-04
1739,1997-03-04
1740,1997-03-04
1741,1997-03-04
1742,1997-03-04
1742,1997-05-15
1742,1997-08-27
1743,1997-03-04
1744,1997-03-04
1744,1997-05-24
1744,1997-08-16
1744,1997-08-25
1744,1997-08-27
1745,1997-03-04
1746,1997-03-04
1746,1997-04-28
1746,1997-08-13
1746,1997-08-20
1746,1997-09-19
1747,1997-03-04
1747,1997-04-23
1747,1997-07-25
1747,1997-08-22
1748,1997-03-04
1749,1997-03-04
1749,1997-04-28
1749,1997-05-22
1749,1997-06-24
1750,1997-03-04
1750,1997-05-04
1750,1997-06-22
1751,1997-03-04
1752,1997-03-04
1753,1997-03-04
1754,1997-03-04
1755,1997-03-04
1756,1997-03-04
1756,1997-03-08
1756,1997-03-23
1756,1997-04-11
1756,1997-04-26
1757,1997-03-04
1758,1997-03-05
1759,1997-03-05
1760,1997-03-05
1760,1997-04-05
1760,1997-06-17
1760,1997-07-25
1760,1997-08-01
1760,1997-09-07
1761,1997-03-05
1761,1997-03-17
1761,1997-03-31
1761,1997-04-18
1762,1997-03-05
1762,1997-06-17
1762,1997-06-20
1763,1997-03-05
1763,1997-04-14
1763,1997-09-22
1764,1997-03-05
1765,1997-03-05
1766,1997-03-05
1766,1997-03-25
1766,1997-07-28
1766,1997-08-25
1767,1997-03-05
1767,1997-03-15
1767,1997-07-01
1768,1997-03-05
1768,1997-04-14
1768,1997-04-28
1768,1997-06-04
1768,1997-09-07
1769,1997-03-05
1770,1997-03-05
1770,1997-03-18
1770,1997-03-22
1770,1997-03-28
1770,1997-04-04
1770,1997-04-08
1770,1997-04-26
1770,1997-09-17
1771,1997-03-05
1771,1997-08-03
1772,1997-03-05
1772,1997-03-11
1772,1997-07-28
1773,1997-03-05
1774,1997-03-05
1774,1997-03-26
1774,1997-05-01
1775,1997-03-05
1775,1997-06-15
1775,1997-06-20
1776,1997-03-05
1777,1997-03-05
1777,1997-03-06
1777,1997-03-16
1777,1997-03-22
1778,1997-03-05
1779,1997-03-05
1780,1997-03-05
1781,1997-03-05
1781,1997-08-24
1782,1997-03-05
1783,1997-03-05
1783,1997-06-11
1784,1997-03-05
1785,1997-03-05
1786,1997-03-05
1786,1997-03-18
1786,1997-05-30
1786,1997-06-02
1787,1997-03-05
1788,1997-03-05
1789,1997-03-05
1789,1997-03-25
1790,1997-03-05
1790,1997-04-23
1790,1997-05-21
1790,1997-05-30
1790,1997-07-25
1790,1997-08-14
1790,1997-09-06
1791,1997-03-05
1792,1997-03-05
1792,1997-07-06
1793,1997-03-05
1794,1997-03-05
1794,1997-04-11
1794,1997-08-26
1795,1997-03-05
1795,1997-03-20
1795,1997-04-07
1795,1997-04-14
1796,1997-03-05
1797,1997-03-05
1798,1997-03-06
1798,1997-03-07
1798,1997-03-30
1798,1997-05-13
1799,1997-03-06
1800,1997-03-06
1800,1997-07-25
1801,1997-03-06
1802,1997-03-06
1803,1997-03-06
1804,1997-03-06
1805,1997-03-06
1806,1997-03-06
1807,1997-03-06
1808,1997-03-06
1808,1997-03-25
1808,1997-04-23
1808,1997-06-23
1808,1997-08-13
1808,1997-09-29
1809,1997-03-06
1810,1997-03-06
1811,1997-03-06
1812,1997-03-06
1812,1997-08-01
1813,1997-03-06
1814,1997-03-06
1815,1997-03-06
1816,1997-03-06
1817,1997-03-06
1818,1997-03-06
1819,1997-03-06
1820,1997-03-06
1820,1997-04-09
1820,1997-04-10
1820,1997-04-22
1820,1997-04-28
1820,1997-05-11
1820,1997-06-19
1820,1997-07-16
1820,1997-08-01
1820,1997-08-17
1821,1997-03-06
1821,1997-04-07
1821,1997-05-19
1821,1997-09-13
1821,1997-09-19
1822,1997-03-06
1822,1997-05-17
1822,1997-09-15
1823,1997-03-06
1824,1997-03-06
1825,1997-03-06
1825,1997-04-10
1826,1997-03-06
1826,1997-03-13
1826,1997-03-28
1826,1997-04-04
1826,1997-05-01
1827,1997-03-07
1827,1997-07-31
1828,1997-03-07
1829,1997-03-07
1829,1997-03-14
1830,1997-03-07
1831,1997-03-07
1831,1997-07-31
1832,1997-03-07
1833,1997-03-07
1834,1997-03-07
1834,1997-07-23
1835,1997-03-07
1836,1997-03-07
1836,1997-03-12
1837,1997-03-07
1838,1997-03-07
1839,1997-03-07
1840,1997-03-07
1840,1997-03-19
1841,1997-03-07
1842,1997-03-07
1842,1997-06-15
1843,1997-03-07
1843,1997-03-20
1843,1997-06-03
1843,1997-06-17
1843,1997-08-21
1843,1997-09-29
1844,1997-03-07
1845,1997-03-07
1845,1997-08-29
1846,1997-03-07
1847,1997-03-07
1848,1997-03-07
1849,1997-03-07
1849,1997-09-12
1850,1997-03-07
1851,1997-03-07
1851,1997-05-14
1852,1997-03-07
1853,1997-03-07
1853,1997-03-21
1854,1997-03-07
1855,1997-03-07
1855,1997-03-18
1856,1997-03-08
1856,1997-09-08
1857,1997-03-08
1858,1997-03-08
1859,1997-03-08
1860,1997-03-08
1860,1997-03-10
1860,1997-05-28
1860,1997-05-31
1860,1997-06-28
1860,1997-08-16
1860,1997-09-05
1860,1997-09-24
1861,1997-03-08
1862,1997-03-08
1863,1997-03-08
1863,1997-09-24
1864,1997-03-08
1865,1997-03-08
1865,1997-08-23
1866,1997-03-08
1867,1997-03-08
1868,1997-03-08
1869,1997-03-08
1870,1997-03-08
1871,1997-03-08
1872,1997-03-08
1872,1997-03-25
1873,1997-03-08
1873,1997-05-14
1874,1997-03-08
1875,1997-03-08
1876,1997-03-08
1876,1997-08-24
1877,1997-03-08
1878,1997-03-08
1878,1997-03-14
1878,1997-05-22
1879,1997-03-08
1880,1997-03-08
1881,1997-03-08
1882,1997-03-08
1882,1997-05-27
1883,1997-03-08
1884,1997-03-09
1885,1997-03-09
1886,1997-03-09
1886,1997-07-01
1887,1997-03-09
1887,1997-03-23
1887,1997-04-11
1887,1997-05-10
1887,1997-05-14
1887,1997-05-18
1887,1997-05-25
1887,1997-06-05
1887,1997-06-07
1887,1997-06-09
1887,1997-06-19
1887,1997-06-29
1887,1997-08-09
1887,1997-08-16
1887,1997-08-19
1887,1997-08-23
1888,1997-03-09
1889,1997-03-09
1889,1997-07-01
1890,1997-03-09
1891,1997-03-09
1891,1997-06-09
1891,1997-07-31
1892,1997-03-09
1893,1997-03-09
1894,1997-03-09
1894,1997-03-22
1894,1997-04-17
1894,1997-08-14
1895,1997-03-09
1896,1997-03-09
1897,1997-03-09
1898,1997-03-09
1899,1997-03-09
1899,1997-06-02
1900,1997-03-09
1901,1997-03-09
1901,1997-03-10
1901,1997-03-11
1901,1997-03-13
1901,1997-03-15
1901,1997-03-16
1901,1997-03-18
1901,1997-03-19
1901,1997-03-20
1901,1997-03-21
1901,1997-03-22
1901,1997-03-23
1901,1997-03-24
1901,1997-03-25
1901,1997-03-26
1901,1997-03-27
1901,1997-03-28
1901,1997-03-29
1901,1997-03-30
1901,1997-04-01
1901,1997-04-02
1901,1997-04-11
1902,1997-03-09
1902,1997-05-31
1902,1997-07-30
1903,1997-03-09
1904,1997-03-09
1905,1997-03-09
1906,1997-03-09
1906,1997-04-18
1906,1997-05-28
1906,1997-07-26
1907,1997-03-09
1908,1997-03-09
1909,1997-03-09
1909,1997-04-13
1909,1997-05-18
1909,1997-06-30
1910,1997-03-09
1910,1997-05-09
1910,1997-07-31
1911,1997-03-09
1911,1997-03-24
1912,1997-03-09
1913,1997-03-09
1914,1997-03-09
1914,1997-03-12
1915,1997-03-10
1915,1997-07-08
1916,1997-03-10
1916,1997-04-02
1917,1997-03-10
1918,1997-03-10
1919,1997-03-10
1919,1997-09-02
1920,1997-03-10
1920,1997-03-31
1920,1997-07-16
1921,1997-03-10
1921,1997-03-16
1921,1997-04-05
1922,1997-03-10
1922,1997-04-15
1923,1997-03-10
1924,1997-03-10
1925,1997-03-10
1925,1997-04-13
1925,1997-04-25
1925,1997-05-14
1925,1997-09-26
1926,1997-03-10
1927,1997-03-10
1928,1997-03-10
1929,1997-03-10
1929,1997-03-24
1929,1997-09-21
1930,1997-03-10
1931,1997-03-10
1932,1997-03-10
1932,1997-08-16
1933,1997-03-10
1934,1997-03-10
1934,1997-07-22
1935,1997-03-10
1935,1997-05-27
1936,1997-03-10
1937,1997-03-10
1938,1997-03-10
1939,1997-03-10
1939,1997-04-04
1939,1997-09-20
1940,1997-03-10
1941,1997-03-10
1942,1997-03-10
1943,1997-03-10
1943,1997-03-12
1943,1997-07-29
1944,1997-03-10
1945,1997-03-11
1946,1997-03-11
1946,1997-03-28
1946,1997-04-08
1947,1997-03-11
1948,1997-03-11
1949,1997-03-11
1950,1997-03-11
1950,1997-06-25
1951,1997-03-11
1952,1997-03-11
1953,1997-03-11
1953,1997-03-21
1953,1997-04-23
1953,1997-04-25
1953,1997-06-18
1953,1997-07-04
1953,1997-08-07
1954,1997-03-11
1955,1997-03-11
1955,1997-03-21
1955,1997-04-15
1955,1997-05-07
1955,1997-05-15
1955,1997-05-19
1955,1997-06-02
1955,1997-06-17
1955,1997-07-01
1955,1997-07-11
1955,1997-07-25
1955,1997-08-21
1956,1997-03-11
1957,1997-03-11
1958,1997-03-11
1958,1997-04-07
1959,1997-03-11
1959,1997-03-22
1960,1997-03-11
1961,1997-03-11
1961,1997-09-23
1962,1997-03-11
1962,1997-07-17
1963,1997-03-11
1963,1997-03-17
1963,1997-05-26
1964,1997-03-11
1964,1997-09-04
1964,1997-09-05
1965,1997-03-11
1966,1997-03-11
1966,1997-03-14
1966,1997-03-20
1966,1997-03-21
1967,1997-03-11
1968,1997-03-11
1969,1997-03-11
1970,1997-03-11
1971,1997-03-11
1972,1997-03-11
1973,1997-03-11
1974,1997-03-11
1975,1997-03-12
1975,1997-05-13
1976,1997-03-12
1977,1997-03-12
1978,1997-03-12
1979,1997-03-12
1980,1997-03-12
1980,1997-03-24
1981,1997-03-12
1981,1997-03-13
1981,1997-04-18
1981,1997-05-15
1981,1997-06-12
1981,1997-06-20
1981,1997-06-25
1981,1997-07-04
1981,1997-07-08
1981,1997-07-16
1981,1997-07-21
1981,1997-07-29
1981,1997-08-05
1981,1997-08-20
1981,1997-09-05
1981,1997-09-16
1981,1997-09-19
1981,1997-09-27
1982,1997-03-12
1982,1997-05-28
1982,1997-08-25
1983,1997-03-12
1983,1997-05-05
1983,1997-06-03
1984,1997-03-12
1985,1997-03-12
1985,1997-03-20
1985,1997-04-02
1986,1997-03-12
1987,1997-03-12
1987,1997-06-21
1987,1997-08-08
1988,1997-03-12
1989,1997-03-12
1990,1997-03-12
1991,1997-03-12
1992,1997-03-12
1992,1997-07-07
1993,1997-03-12
1994,1997-03-12
1995,1997-03-12
1996,1997-03-12
1997,1997-03-12
1998,1997-03-12
1999,1997-03-12
2000,1997-03-12
2001,1997-03-13
2002,1997-03-13
2003,1997-03-13
2004,1997-03-13
2005,1997-03-13
2005,1997-03-22
2005,1997-06-11
2005,1997-07-02
2006,1997-03-13
2007,1997-03-13
2007,1997-08-19
2008,1997-03-13
2009,1997-03-13
2010,1997-03-13
2010,1997-06-27
2011,1997-03-13
2012,1997-03-13
2012,1997-04-20
2012,1997-05-11
2013,1997-03-13
2014,1997-03-13
2015,1997-03-13
2016,1997-03-13
2017,1997-03-13
2017,1997-06-30
2018,1997-03-13
2019,1997-03-13
2020,1997-03-13
2021,1997-03-13
2022,1997-03-13
2022,1997-06-12
2023,1997-03-13
2024,1997-03-13
2024,1997-03-14
2024,1997-04-04
2024,1997-04-12
2024,1997-05-11
2024,1997-06-17
2024,1997-07-06
2024,1997-08-30
2025,1997-03-13
2026,1997-03-13
2027,1997-03-13
2027,1997-05-13
2028,1997-03-13
2029,1997-03-14
2030,1997-03-14
2030,1997-04-02
2030,1997-05-20
2030,1997-06-28
2031,1997-03-14
2032,1997-03-14
2033,1997-03-14
2033,1997-07-07
2033,1997-09-07
2034,1997-03-14
2034,1997-03-20
2034,1997-03-31
2034,1997-07-10
2034,1997-08-13
2035,1997-03-14
2036,1997-03-14
2036,1997-03-30
2037,1997-03-14
2038,1997-03-14
2039,1997-03-14
2040,1997-03-14
2041,1997-03-14
2041,1997-03-17
2041,1997-05-20
2042,1997-03-14
2042,1997-03-29
2043,1997-03-14
2044,1997-03-14
2044,1997-08-01
2044,1997-08-21
2044,1997-09-03
2044,1997-09-06
2045,1997-03-14
2045,1997-04-01
2045,1997-04-23
2046,1997-03-14
2047,1997-03-14
2048,1997-03-14
2048,1997-06-26
2049,1997-03-14
2049,1997-05-30
2049,1997-06-25
2049,1997-06-27
2050,1997-03-14
2051,1997-03-14
2052,1997-03-14
2052,1997-05-30
2053,1997-03-14
2054,1997-03-14
2055,1997-03-14
2055,1997-06-14
2056,1997-03-14
2057,1997-03-14
2057,1997-05-12
2058,1997-03-14
2058,1997-09-08
2059,1997-03-14
2060,1997-03-14
2061,1997-03-15
2062,1997-03-15
2063,1997-03-15
2064,1997-03-15
2065,1997-03-15
2066,1997-03-15
2067,1997-03-15
2068,1997-03-15
2068,1997-06-24
2068,1997-09-25
2069,1997-03-15
2069,1997-03-19
2069,1997-05-11
2069,1997-09-25
2070,1997-03-15
2071,1997-03-15
2071,1997-06-20
2072,1997-03-15
2073,1997-03-15
2073,1997-04-13
2074,1997-03-15
2074,1997-08-10
2075,1997-03-15
2075,1997-04-14
2075,1997-04-16
2075,1997-05-05
2076,1997-03-15
2076,1997-08-04
2076,1997-09-04
2076,1997-09-25
2077,1997-03-15
2078,1997-03-15
2079,1997-03-15
2080,1997-03-15
2081,1997-03-15
2081,1997-03-25
2082,1997-03-15
2083,1997-03-15
2083,1997-04-05
2083,1997-05-13
2084,1997-03-15
2085,1997-03-15
2085,1997-03-21
2086,1997-03-16
2087,1997-03-16
2088,1997-03-16
2089,1997-03-16
2089,1997-09-30
2090,1997-03-16
2090,1997-03-25
2091,1997-03-16
2092,1997-03-16
2092,1997-04-01
2092,1997-04-23
2093,1997-03-16
2094,1997-03-16
2094,1997-07-20
2094,1997-08-18
2095,1997-03-16
2096,1997-03-16
2096,1997-07-08
2096,1997-07-19
2096,1997-09-14
2097,1997-03-16
2098,1997-03-16
2098,1997-03-22
2098,1997-04-12
2098,1997-05-04
2098,1997-06-02
2099,1997-03-16
2100,1997-03-16
2100,1997-06-01
2101,1997-03-16
2101,1997-05-08
2102,1997-03-16
2103,1997-03-16
2104,1997-03-16
2104,1997-07-26
2105,1997-03-16
2106,1997-03-16
2106,1997-04-27
2106,1997-05-03
2106,1997-08-11
2107,1997-03-16
2108,1997-03-16
2109,1997-03-16
2110,1997-03-16
2110,1997-06-17
2111,1997-03-16
2111,1997-03-27
2112,1997-03-16
2113,1997-03-16
2114,1997-03-16
2115,1997-03-16
2116,1997-03-16
2117,1997-03-16
2117,1997-07-27
2118,1997-03-16
2119,1997-03-16
2119,1997-04-15
2120,1997-03-17
2121,1997-03-17
2121,1997-03-28
2121,1997-07-02
2121,1997-09-27
2122,1997-03-17
2123,1997-03-17
2123,1997-03-20
2123,1997-03-24
2123,1997-04-10
2123,1997-04-27
2123,1997-05-27
2123,1997-06-12
2124,1997-03-17
2125,1997-03-17
2126,1997-03-17
2127,1997-03-17
2128,1997-03-17
2128,1997-04-09
2128,1997-04-17
2128,1997-09-04
2129,1997-03-17
2130,1997-03-17
2131,1997-03-17
2132,1997-03-17
2132,1997-07-24
2132,1997-09-08
2133,1997-03-17
2133,1997-03-23
2133,1997-03-27
2133,1997-04-07
2133,1997-04-22
2133,1997-05-23
2134,1997-03-17
2135,1997-03-17
2135,1997-04-11
2136,1997-03-17
2137,1997-03-17
2138,1997-03-17
2138,1997-04-06
2139,1997-03-17
2140,1997-03-17
2140,1997-05-06
2141,1997-03-17
2142,1997-03-17
2143,1997-03-17
2143,1997-07-09
2143,1997-07-14
2144,1997-03-17
2145,1997-03-17
2145,1997-04-24
2146,1997-03-17
2146,1997-03-30
2146,1997-09-05
2147,1997-03-17
2148,1997-03-18
2149,1997-03-18
2149,1997-07-17
2149,1997-07-18
2149,1997-07-28
2149,1997-08-12
2149,1997-09-05
2149,1997-09-18
2149,1997-09-22
2150,1997-03-18
2151,1997-03-18
2152,1997-03-18
2152,1997-04-13
2152,1997-06-26
2153,1997-03-18
2154,1997-03-18
2154,1997-08-17
2154,1997-08-18
2155,1997-03-18
2155,1997-04-01
2155,1997-04-07
2156,1997-03-18
2157,1997-03-18
2158,1997-03-18
2159,1997-03-18
2160,1997-03-18
2161,1997-03-18
2161,1997-04-01
2161,1997-05-16
2162,1997-03-18
2163,1997-03-18
2163,1997-03-23
2163,1997-03-31
2163,1997-04-06
2163,1997-05-04
2163,1997-06-22
2163,1997-07-26
2163,1997-08-16
2163,1997-09-27
2164,1997-03-18
2165,1997-03-18
2166,1997-03-18
2166,1997-03-24
2166,1997-05-02
2166,1997-07-09
2166,1997-07-15
2166,1997-07-25
2167,1997-03-18
2168,1997-03-18
2168,1997-05-16
2169,1997-03-18
2170,1997-03-18
2170,1997-03-28
2171,1997-03-18
2172,1997-03-18
2172,1997-04-12
2173,1997-03-18
2174,1997-03-18
2175,1997-03-18
2175,1997-06-05
2176,1997-03-18
2177,1997-03-18
2177,1997-03-24
2177,1997-04-18
2177,1997-05-13
2178,1997-03-18
2179,1997-03-19
2179,1997-03-22
2179,1997-08-10
2180,1997-03-19
2181,1997-03-19
2182,1997-03-19
2183,1997-03-19
2183,1997-03-22
2183,1997-06-15
2184,1997-03-19
2184,1997-08-03
2185,1997-03-19
2186,1997-03-19
2187,1997-03-19
2188,1997-03-19
2189,1997-03-19
2189,1997-03-20
2190,1997-03-19
2191,1997-03-19
2191,1997-04-02
2191,1997-09-15
2192,1997-03-19
2193,1997-03-19
2194,1997-03-19
2195,1997-03-19
2196,1997-03-19
2196,1997-06-11
2196,1997-09-01
2197,1997-03-19
2198,1997-03-19
2199,1997-03-19
2199,1997-05-10
2200,1997-03-19
2201,1997-03-19
2201,1997-08-31
2202,1997-03-19
2202,1997-07-27
2202,1997-09-06
2203,1997-03-19
2204,1997-03-19
2205,1997-03-19
2205,1997-03-31
2206,1997-03-19
2207,1997-03-20
2207,1997-04-29
2207,1997-05-12
2208,1997-03-20
2209,1997-03-20
2210,1997-03-20
2210,1997-06-08
2210,1997-08-21
2210,1997-09-16
2211,1997-03-20
2212,1997-03-20
2213,1997-03-20
2214,1997-03-20
2214,1997-08-18
2215,1997-03-20
2216,1997-03-20
2217,1997-03-20
2218,1997-03-20
2218,1997-06-26
2219,1997-03-20
2220,1997-03-20
2220,1997-03-25
2220,1997-04-04
2220,1997-04-11
2220,1997-04-14
2220,1997-04-23
2220,1997-04-26
2220,1997-06-07
2220,1997-09-06
2220,1997-09-13
2221,1997-03-20
2221,1997-05-22
2221,1997-06-18
2221,1997-08-08
2222,1997-03-20
2223,1997-03-20
2224,1997-03-20
2225,1997-03-20
2226,1997-03-20
2227,1997-03-20
2228,1997-03-21
2228,1997-06-13
2228,1997-08-06
2228,1997-08-07
2229,1997-03-21
2230,1997-03-21
2231,1997-03-21
2231,1997-07-28
2231,1997-09-22
2232,1997-03-21
2233,1997-03-21
2233,1997-09-28
2234,1997-03-21
2234,1997-08-18
2235,1997-03-21
2235,1997-05-14
2236,1997-03-21
2237,1997-03-21
2238,1997-03-21
2239,1997-03-21
2239,1997-03-31
2239,1997-05-05
2240,1997-03-21
2240,1997-04-04
2240,1997-04-09
2240,1997-05-13
2240,1997-05-30
2240,1997-06-01
2240,1997-09-30
2241,1997-03-21
2242,1997-03-21
2243,1997-03-21
2244,1997-03-21
2245,1997-03-21
2246,1997-03-21
2247,1997-03-22
2248,1997-03-22
2249,1997-03-22
2250,1997-03-22
2250,1997-05-29
2251,1997-03-22
2252,1997-03-22
2252,1997-05-20
2253,1997-03-22
2254,1997-03-22
2254,1997-04-17
2255,1997-03-22
2256,1997-03-22
2257,1997-03-22
2258,1997-03-22
2259,1997-03-22
2260,1997-03-22
2260,1997-05-24
2261,1997-03-22
2261,1997-05-03
2261,1997-06-12
2261,1997-06-21
2261,1997-08-30
2262,1997-03-22
2263,1997-03-22
2264,1997-03-22
2264,1997-08-12
2264,1997-09-27
2265,1997-03-22
2266,1997-03-22
2267,1997-03-22
2268,1997-03-22
2269,1997-03-22
2270,1997-03-22
2270,1997-07-14
2271,1997-03-23
2272,1997-03-23
2273,1997-03-23
2274,1997-03-23
2274,1997-04-26
2275,1997-03-23
2276,1997-03-23
2277,1997-03-23
2278,1997-03-23
2278,1997-08-25
2279,1997-03-23
2280,1997-03-23
2280,1997-06-15
2280,1997-08-15
2281,1997-03-23
2282,1997-03-23
2282,1997-03-28
2283,1997-03-23
2284,1997-03-23
2285,1997-03-23
2285,1997-03-30
2285,1997-04-04
2285,1997-04-20
2285,1997-05-03
2285,1997-05-21
2285,1997-06-24
2286,1997-03-23
2287,1997-03-23
2288,1997-03-23
2289,1997-03-23
2290,1997-03-23
2290,1997-07-12
2291,1997-03-23
2292,1997-03-23
2293,1997-03-23
2293,1997-04-06
2293,1997-07-09
2294,1997-03-23
2294,1997-04-18
2294,1997-04-30
2294,1997-05-20
2294,1997-06-19
2294,1997-07-08
2294,1997-08-18
2295,1997-03-24
2296,1997-03-24
2296,1997-06-17
2297,1997-03-24
2298,1997-03-24
2299,1997-03-24
2300,1997-03-24
2301,1997-03-24
2301,1997-06-16
2301,1997-08-04
2302,1997-03-24
2303,1997-03-24
2303,1997-04-03
2303,1997-04-12
2303,1997-05-23
2303,1997-06-20
2303,1997-08-03
2303,1997-08-18
2303,1997-09-04
2304,1997-03-24
2305,1997-03-24
2305,1997-09-11
2306,1997-03-24
2306,1997-04-30
2306,1997-05-21
2307,1997-03-24
2307,1997-05-06
2308,1997-03-24
2308,1997-04-04
2309,1997-03-24
2309,1997-03-27
2310,1997-03-24
2311,1997-03-24
2312,1997-03-24
2312,1997-09-21
2313,1997-03-24
2313,1997-04-22
2313,1997-05-20
2313,1997-06-01
2313,1997-06-02
2313,1997-07-28
2314,1997-03-24
2315,1997-03-24
2315,1997-05-18
2316,1997-03-24
2317,1997-03-24
2318,1997-03-24
2318,1997-04-26
2318,1997-06-25
2319,1997-03-24
2320,1997-03-24
2321,1997-03-24
2322,1997-03-24
2323,1997-03-24
2324,1997-03-24
2325,1997-03-24
2325,1997-04-11
2326,1997-03-24
2327,1997-03-24
2328,1997-03-25
2328,1997-08-22
2329,1997-03-25
2330,1997-03-25
2330,1997-06-29
2331,1997-03-25
2332,1997-03-25
2332,1997-04-22
2332,1997-05-16
2332,1997-05-26
2332,1997-06-10
2332,1997-06-24
2333,1997-03-25
2333,1997-08-15
2334,1997-03-25
2335,1997-03-25
2335,1997-04-12
2336,1997-03-25
2336,1997-04-01
2336,1997-05-12
2337,1997-03-25
2338,1997-03-25
2339,1997-03-25
2339,1997-06-15
2340,1997-03-25
2340,1997-05-08
2340,1997-07-26
2341,1997-03-25
2342,1997-03-25
2342,1997-05-08
2343,1997-03-25
2344,1997-03-25
2344,1997-05-12
2344,1997-06-17
2345,1997-03-25
2346,1997-03-25
2346,1997-05-17
2347,1997-03-25
2347,1997-04-04
2347,1997-06-02
2348,1997-03-25
2348,1997-05-07
2348,1997-05-09
2348,1997-05-29
2348,1997-06-25
2348,1997-07-05
2348,1997-07-19
2348,1997-09-10
2349,1997-03-25
2349,1997-05-29
2350,1997-03-25
2350,1997-08-12
2350,1997-08-25
2351,1997-03-25
2352,1997-03-25
2353,1997-03-25
2354,1997-03-25
2354,1997-06-19
2354,1997-08-08
2354,1997-08-15
2354,1997-09-04
2354,1997-09-11
2355,1997-03-25
2356,1997-03-25
2356,1997-06-10
2356,1997-07-19
2356,1997-07-26
2356,1997-09-27
2357,1997-03-25
