cust_id,cust_id,x,tx,T
1,1,2,30.4285714286,39.0
2,2,1,1.71428571429,39.0
3,3,0,0.0,39.0
4,4,0,0.0,39.0
5,5,0,0.0,39.0
6,6,7,29.4285714286,39.0
7,7,1,5.0,39.0
8,8,0,0.0,39.0
9,9,2,35.7142857143,39.0
10,10,0,0.0,39.0
11,11,5,24.4285714286,39.0
12,12,0,0.0,39.0
13,13,0,0.0,39.0
14,14,0,0.0,39.0
15,15,0,0.0,39.0
16,16,0,0.0,39.0
17,17,10,34.1428571429,39.0
18,18,1,4.85714285714,39.0
19,19,3,28.2857142857,38.8571428571
20,20,0,0.0,38.8571428571
21,21,2,14.5714285714,38.8571428571
22,22,0,0.0,38.8571428571
23,23,0,0.0,38.8571428571
24,24,0,0.0,38.8571428571
25,25,0,0.0,38.8571428571
26,26,1,1.57142857143,38.8571428571
27,27,0,0.0,38.8571428571
28,28,1,29.4285714286,38.8571428571
29,29,0,0.0,38.8571428571
30,30,1,5.85714285714,38.8571428571
31,31,0,0.0,38.8571428571
32,32,0,0.0,38.8571428571
33,33,0,0.0,38.8571428571
34,34,0,0.0,38.8571428571
35,35,1,27.1428571429,38.8571428571
36,36,0,0.0,38.8571428571
37,37,0,0.0,38.8571428571
38,38,1,2.14285714286,38.8571428571
39,39,0,0.0,38.8571428571
40,40,0,0.0,38.8571428571
41,41,0,0.0,38.7142857143
42,42,0,0.0,38.7142857143
43,43,0,0.0,38.7142857143
44,44,0,0.0,38.7142857143
45,45,1,24.4285714286,38.7142857143
46,46,12,34.4285714286,38.7142857143
47,47,0,0.0,38.7142857143
48,48,0,0.0,38.7142857143
49,49,1,1.57142857143,38.7142857143
50,50,0,0.0,38.7142857143
51,51,0,0.0,38.7142857143
52,52,0,0.0,38.7142857143
53,53,0,0.0,38.7142857143
54,54,0,0.0,38.7142857143
55,55,0,0.0,38.7142857143
56,56,2,33.1428571429,38.7142857143
57,57,1,4.28571428571,38.7142857143
58,58,0,0.0,38.5714285714
59,59,1,38.4285714286,38.5714285714
60,60,0,0.0,38.5714285714
61,61,4,29.4285714286,38.5714285714
62,62,0,0.0,38.5714285714
63,63,1,16.1428571429,38.5714285714
64,64,0,0.0,38.5714285714
65,65,0,0.0,38.5714285714
66,66,0,0.0,38.5714285714
67,67,2,21.1428571429,38.5714285714
68,68,0,0.0,38.5714285714
69,69,0,0.0,38.5714285714
70,70,3,29.2857142857,38.5714285714
71,71,0,0.0,38.5714285714
72,72,0,0.0,38.5714285714
73,73,1,5.85714285714,38.5714285714
74,74,0,0.0,38.5714285714
75,75,1,5.14285714286,38.5714285714
76,76,0,0.0,38.5714285714
77,77,0,0.0,38.5714285714
78,78,0,0.0,38.4285714286
79,79,3,16.8571428571,38.4285714286
80,80,0,0.0,38.4285714286
81,81,0,0.0,38.4285714286
82,82,1,7.42857142857,38.4285714286
83,83,0,0.0,38.4285714286
84,84,0,0.0,38.4285714286
85,85,0,0.0,38.4285714286
86,86,7,26.4285714286,38.4285714286
87,87,0,0.0,38.4285714286
88,88,10,35.4285714286,38.4285714286
89,89,0,0.0,38.4285714286
90,90,0,0.0,38.4285714286
91,91,1,33.2857142857,38.4285714286
92,92,6,37.4285714286,38.4285714286
93,93,0,0.0,38.4285714286
94,94,0,0.0,38.4285714286
95,95,0,0.0,38.4285714286
96,96,0,0.0,38.4285714286
97,97,0,0.0,38.4285714286
98,98,2,31.8571428571,38.4285714286
99,99,4,37.5714285714,38.4285714286
100,100,1,23.8571428571,38.4285714286
101,101,5,36.1428571429,38.2857142857
102,102,0,0.0,38.2857142857
103,103,0,0.0,38.2857142857
104,104,0,0.0,38.2857142857
105,105,1,24.1428571429,38.2857142857
106,106,1,6.14285714286,38.2857142857
107,107,0,0.0,38.2857142857
108,108,0,0.0,38.2857142857
109,109,1,0.285714285714,38.2857142857
110,110,0,0.0,38.2857142857
111,111,1,0.285714285714,38.2857142857
112,112,0,0.0,38.2857142857
113,113,0,0.0,38.2857142857
114,114,1,24.1428571429,38.2857142857
115,115,0,0.0,38.2857142857
116,116,1,5.28571428571,38.2857142857
117,117,0,0.0,38.2857142857
118,118,0,0.0,38.2857142857
119,119,0,0.0,38.2857142857
120,120,0,0.0,38.2857142857
121,121,1,3.0,38.2857142857
122,122,0,0.0,38.2857142857
123,123,0,0.0,38.2857142857
124,124,0,0.0,38.2857142857
125,125,1,7.14285714286,38.2857142857
126,126,0,0.0,38.1428571429
127,127,0,0.0,38.1428571429
128,128,0,0.0,38.1428571429
129,129,4,7.57142857143,38.1428571429
130,130,3,26.0,38.1428571429
131,131,0,0.0,38.1428571429
132,132,1,24.0,38.1428571429
133,133,2,28.4285714286,38.1428571429
134,134,0,0.0,38.1428571429
135,135,1,23.4285714286,38.1428571429
136,136,2,7.42857142857,38.1428571429
137,137,0,0.0,38.1428571429
138,138,2,16.8571428571,38.1428571429
139,139,1,2.14285714286,38.1428571429
140,140,1,15.7142857143,38.1428571429
141,141,0,0.0,38.1428571429
142,142,5,6.85714285714,38.1428571429
143,143,2,28.5714285714,38.1428571429
144,144,7,34.1428571429,38.1428571429
145,145,2,35.7142857143,38.1428571429
146,146,0,0.0,38.1428571429
147,147,4,29.2857142857,38.1428571429
148,148,13,37.8571428571,38.1428571429
149,149,0,0.0,38.1428571429
150,150,4,33.0,38.1428571429
151,151,4,35.2857142857,38.1428571429
152,152,0,0.0,38.1428571429
153,153,0,0.0,38.1428571429
154,154,1,2.85714285714,38.1428571429
155,155,0,0.0,38.1428571429
156,156,1,6.42857142857,38.1428571429
157,157,29,37.7142857143,38.1428571429
158,158,0,0.0,38.0
159,159,3,24.7142857143,38.0
160,160,0,0.0,38.0
161,161,0,0.0,38.0
162,162,1,2.0,38.0
163,163,0,0.0,38.0
164,164,10,37.0,38.0
165,165,0,0.0,38.0
166,166,0,0.0,38.0
167,167,13,28.1428571429,38.0
168,168,0,0.0,38.0
169,169,0,0.0,38.0
170,170,1,37.4285714286,38.0
171,171,0,0.0,38.0
172,172,0,0.0,38.0
173,173,0,0.0,38.0
174,174,0,0.0,38.0
175,175,0,0.0,38.0
176,176,0,0.0,37.8571428571
177,177,0,0.0,37.8571428571
178,178,6,32.8571428571,37.8571428571
179,179,8,36.1428571429,37.8571428571
180,180,0,0.0,37.8571428571
181,181,0,0.0,37.8571428571
182,182,0,0.0,37.8571428571
183,183,1,5.0,37.8571428571
184,184,0,0.0,37.8571428571
185,185,4,36.1428571429,37.8571428571
186,186,0,0.0,37.8571428571
187,187,2,7.85714285714,37.8571428571
188,188,3,21.1428571429,37.8571428571
189,189,3,6.0,37.8571428571
190,190,0,0.0,37.8571428571
191,191,0,0.0,37.8571428571
192,192,0,0.0,37.8571428571
193,193,0,0.0,37.8571428571
194,194,0,0.0,37.8571428571
195,195,6,27.0,37.8571428571
196,196,0,0.0,37.8571428571
197,197,1,1.57142857143,37.8571428571
198,198,0,0.0,37.8571428571
199,199,0,0.0,37.8571428571
200,200,2,14.2857142857,37.7142857143
201,201,0,0.0,37.7142857143
202,202,2,7.0,37.7142857143
203,203,2,31.0,37.7142857143
204,204,0,0.0,37.7142857143
205,205,0,0.0,37.7142857143
206,206,1,18.0,37.7142857143
207,207,0,0.0,37.7142857143
208,208,1,0.285714285714,37.7142857143
209,209,0,0.0,37.7142857143
210,210,0,0.0,37.7142857143
211,211,7,17.8571428571,37.7142857143
212,212,0,0.0,37.7142857143
213,213,0,0.0,37.7142857143
214,214,0,0.0,37.7142857143
215,215,2,29.0,37.7142857143
216,216,0,0.0,37.7142857143
217,217,4,24.2857142857,37.7142857143
218,218,0,0.0,37.5714285714
219,219,1,14.8571428571,37.5714285714
220,220,1,27.4285714286,37.5714285714
221,221,0,0.0,37.5714285714
222,222,0,0.0,37.5714285714
223,223,0,0.0,37.5714285714
224,224,0,0.0,37.5714285714
225,225,0,0.0,37.5714285714
226,226,2,11.4285714286,37.5714285714
227,227,0,0.0,37.5714285714
228,228,1,2.0,37.5714285714
229,229,1,1.85714285714,37.5714285714
230,230,2,33.0,37.5714285714
231,231,0,0.0,37.5714285714
232,232,3,36.5714285714,37.5714285714
233,233,0,0.0,37.5714285714
234,234,0,0.0,37.5714285714
235,235,0,0.0,37.5714285714
236,236,0,0.0,37.5714285714
237,237,0,0.0,37.5714285714
238,238,0,0.0,37.5714285714
239,239,0,0.0,37.5714285714
240,240,0,0.0,37.5714285714
241,241,0,0.0,37.5714285714
242,242,4,31.4285714286,37.5714285714
243,243,1,8.28571428571,37.4285714286
244,244,5,5.14285714286,37.4285714286
245,245,0,0.0,37.4285714286
246,246,0,0.0,37.4285714286
247,247,2,24.0,37.4285714286
248,248,0,0.0,37.4285714286
249,249,1,1.85714285714,37.4285714286
250,250,2,20.4285714286,37.4285714286
251,251,0,0.0,37.4285714286
252,252,0,0.0,37.4285714286
253,253,1,32.0,37.4285714286
254,254,0,0.0,37.4285714286
255,255,1,0.428571428571,37.4285714286
256,256,0,0.0,37.4285714286
257,257,5,16.1428571429,37.4285714286
258,258,0,0.0,37.4285714286
259,259,0,0.0,37.4285714286
260,260,1,5.85714285714,37.4285714286
261,261,2,28.5714285714,37.4285714286
262,262,0,0.0,37.4285714286
263,263,1,36.8571428571,37.4285714286
264,264,0,0.0,37.4285714286
265,265,0,0.0,37.4285714286
266,266,1,0.142857142857,37.4285714286
267,267,2,35.5714285714,37.4285714286
268,268,1,5.71428571429,37.4285714286
269,269,0,0.0,37.2857142857
270,270,1,2.0,37.2857142857
271,271,0,0.0,37.2857142857
272,272,1,3.85714285714,37.2857142857
273,273,0,0.0,37.2857142857
274,274,3,24.2857142857,37.2857142857
275,275,1,34.0,37.2857142857
276,276,13,30.7142857143,37.2857142857
277,277,0,0.0,37.2857142857
278,278,0,0.0,37.2857142857
279,279,0,0.0,37.2857142857
280,280,0,0.0,37.2857142857
281,281,0,0.0,37.2857142857
282,282,3,19.4285714286,37.2857142857
283,283,3,32.8571428571,37.2857142857
284,284,1,3.0,37.2857142857
285,285,0,0.0,37.2857142857
286,286,0,0.0,37.2857142857
287,287,3,31.5714285714,37.2857142857
288,288,0,0.0,37.2857142857
289,289,5,36.4285714286,37.2857142857
290,290,0,0.0,37.2857142857
291,291,2,35.4285714286,37.2857142857
292,292,1,0.428571428571,37.2857142857
293,293,0,0.0,37.2857142857
294,294,1,0.714285714286,37.2857142857
295,295,0,0.0,37.2857142857
296,296,0,0.0,37.2857142857
297,297,1,15.2857142857,37.1428571429
298,298,1,1.14285714286,37.1428571429
299,299,0,0.0,37.1428571429
300,300,0,0.0,37.1428571429
301,301,0,0.0,37.1428571429
302,302,3,34.4285714286,37.1428571429
303,303,1,36.2857142857,37.1428571429
304,304,1,17.8571428571,37.1428571429
305,305,0,0.0,37.1428571429
306,306,1,3.42857142857,37.1428571429
307,307,0,0.0,37.1428571429
308,308,0,0.0,37.1428571429
309,309,0,0.0,37.1428571429
310,310,4,4.28571428571,37.1428571429
311,311,0,0.0,37.1428571429
312,312,2,34.5714285714,37.1428571429
313,313,0,0.0,37.1428571429
314,314,3,27.7142857143,37.1428571429
315,315,0,0.0,37.1428571429
316,316,0,0.0,37.1428571429
317,317,1,19.8571428571,37.1428571429
318,318,0,0.0,37.1428571429
319,319,1,16.5714285714,37.1428571429
320,320,0,0.0,37.1428571429
321,321,2,32.0,37.1428571429
322,322,0,0.0,37.0
323,323,1,8.85714285714,37.0
324,324,3,2.71428571429,37.0
325,325,25,27.2857142857,37.0
326,326,0,0.0,37.0
327,327,0,0.0,37.0
328,328,0,0.0,37.0
329,329,0,0.0,37.0
330,330,5,22.5714285714,37.0
331,331,0,0.0,37.0
332,332,2,14.1428571429,37.0
333,333,0,0.0,37.0
334,334,0,0.0,37.0
335,335,0,0.0,37.0
336,336,5,36.0,37.0
337,337,0,0.0,37.0
338,338,0,0.0,37.0
339,339,1,22.4285714286,37.0
340,340,0,0.0,37.0
341,341,0,0.0,37.0
342,342,0,0.0,37.0
343,343,0,0.0,37.0
344,344,2,22.5714285714,36.8571428571
345,345,0,0.0,36.8571428571
346,346,0,0.0,36.8571428571
347,347,0,0.0,36.8571428571
348,348,1,22.5714285714,36.8571428571
349,349,0,0.0,36.8571428571
350,350,2,22.5714285714,36.8571428571
351,351,1,9.57142857143,36.8571428571
352,352,0,0.0,36.8571428571
353,353,0,0.0,36.8571428571
354,354,0,0.0,36.8571428571
355,355,0,0.0,36.8571428571
356,356,0,0.0,36.8571428571
357,357,1,2.57142857143,36.8571428571
358,358,2,23.7142857143,36.8571428571
359,359,0,0.0,36.8571428571
360,360,0,0.0,36.8571428571
361,361,0,0.0,36.8571428571
362,362,0,0.0,36.8571428571
363,363,2,10.5714285714,36.8571428571
364,364,4,28.7142857143,36.8571428571
365,365,0,0.0,36.8571428571
366,366,0,0.0,36.7142857143
367,367,1,11.7142857143,36.7142857143
368,368,3,17.4285714286,36.7142857143
369,369,0,0.0,36.7142857143
370,370,1,14.1428571429,36.7142857143
371,371,0,0.0,36.7142857143
372,372,0,0.0,36.7142857143
373,373,0,0.0,36.7142857143
374,374,0,0.0,36.7142857143
375,375,0,0.0,36.7142857143
376,376,1,5.71428571429,36.7142857143
377,377,1,10.4285714286,36.7142857143
378,378,1,22.0,36.7142857143
379,379,0,0.0,36.7142857143
380,380,0,0.0,36.7142857143
381,381,0,0.0,36.7142857143
382,382,11,36.4285714286,36.7142857143
383,383,0,0.0,36.7142857143
384,384,0,0.0,36.7142857143
385,385,4,31.1428571429,36.7142857143
386,386,0,0.0,36.7142857143
387,387,0,0.0,36.7142857143
388,388,1,15.2857142857,36.5714285714
389,389,2,10.1428571429,36.5714285714
390,390,0,0.0,36.5714285714
391,391,0,0.0,36.5714285714
392,392,0,0.0,36.5714285714
393,393,0,0.0,36.5714285714
394,394,1,25.8571428571,36.5714285714
395,395,1,4.42857142857,36.5714285714
396,396,0,0.0,36.5714285714
397,397,3,21.2857142857,36.5714285714
398,398,1,8.0,36.5714285714
399,399,0,0.0,36.5714285714
400,400,0,0.0,36.5714285714
401,401,2,21.8571428571,36.5714285714
402,402,0,0.0,36.5714285714
403,403,8,31.1428571429,36.5714285714
404,404,1,6.14285714286,36.5714285714
405,405,0,0.0,36.5714285714
406,406,2,15.8571428571,36.5714285714
407,407,1,31.8571428571,36.5714285714
408,408,0,0.0,36.5714285714
409,409,0,0.0,36.5714285714
410,410,1,21.7142857143,36.5714285714
411,411,0,0.0,36.5714285714
412,412,2,3.42857142857,36.5714285714
413,413,0,0.0,36.5714285714
414,414,0,0.0,36.5714285714
415,415,3,20.8571428571,36.4285714286
416,416,0,0.0,36.4285714286
417,417,0,0.0,36.4285714286
418,418,0,0.0,36.4285714286
419,419,0,0.0,36.4285714286
420,420,0,0.0,36.4285714286
421,421,0,0.0,36.4285714286
422,422,2,12.4285714286,36.4285714286
423,423,2,19.7142857143,36.4285714286
424,424,0,0.0,36.4285714286
425,425,0,0.0,36.4285714286
426,426,0,0.0,36.4285714286
427,427,1,4.42857142857,36.4285714286
428,428,2,30.0,36.4285714286
429,429,0,0.0,36.4285714286
430,430,0,0.0,36.4285714286
431,431,0,0.0,36.4285714286
432,432,0,0.0,36.4285714286
433,433,0,0.0,36.4285714286
434,434,1,8.42857142857,36.4285714286
435,435,0,0.0,36.4285714286
436,436,0,0.0,36.4285714286
437,437,0,0.0,36.4285714286
438,438,0,0.0,36.4285714286
439,439,1,18.1428571429,36.4285714286
440,440,2,26.1428571429,36.4285714286
441,441,4,26.7142857143,36.4285714286
442,442,0,0.0,36.4285714286
443,443,0,0.0,36.4285714286
444,444,2,3.14285714286,36.2857142857
445,445,0,0.0,36.2857142857
446,446,6,27.1428571429,36.2857142857
447,447,0,0.0,36.2857142857
448,448,1,2.14285714286,36.2857142857
449,449,0,0.0,36.2857142857
450,450,1,7.85714285714,36.2857142857
451,451,1,8.85714285714,36.2857142857
452,452,1,17.0,36.2857142857
453,453,2,11.0,36.2857142857
454,454,1,27.1428571429,36.2857142857
455,455,0,0.0,36.2857142857
456,456,7,28.2857142857,36.2857142857
457,457,4,15.1428571429,36.2857142857
458,458,0,0.0,36.2857142857
459,459,0,0.0,36.2857142857
460,460,0,0.0,36.2857142857
461,461,7,25.4285714286,36.2857142857
462,462,0,0.0,36.2857142857
463,463,1,8.57142857143,36.2857142857
464,464,1,17.0,36.2857142857
465,465,0,0.0,36.2857142857
466,466,2,23.0,36.2857142857
467,467,1,31.5714285714,36.2857142857
468,468,0,0.0,36.2857142857
469,469,4,30.4285714286,36.2857142857
470,470,0,0.0,36.2857142857
471,471,1,2.42857142857,36.2857142857
472,472,0,0.0,36.2857142857
473,473,0,0.0,36.2857142857
474,474,2,33.7142857143,36.2857142857
475,475,0,0.0,36.2857142857
476,476,0,0.0,36.2857142857
477,477,4,36.0,36.2857142857
478,478,0,0.0,36.2857142857
479,479,0,0.0,36.1428571429
480,480,2,21.2857142857,36.1428571429
481,481,1,21.5714285714,36.1428571429
482,482,0,0.0,36.1428571429
483,483,1,8.57142857143,36.1428571429
484,484,0,0.0,36.1428571429
485,485,11,33.1428571429,36.1428571429
486,486,0,0.0,36.1428571429
487,487,4,9.0,36.1428571429
488,488,0,0.0,36.1428571429
489,489,0,0.0,36.1428571429
490,490,0,0.0,36.1428571429
491,491,4,17.4285714286,36.1428571429
492,492,0,0.0,36.1428571429
493,493,3,30.4285714286,36.1428571429
494,494,0,0.0,36.1428571429
495,495,1,36.0,36.1428571429
496,496,1,2.14285714286,36.1428571429
497,497,0,0.0,36.1428571429
498,498,0,0.0,36.1428571429
499,499,6,26.5714285714,36.1428571429
500,500,3,5.57142857143,36.1428571429
501,501,0,0.0,36.1428571429
502,502,0,0.0,36.1428571429
503,503,0,0.0,36.1428571429
504,504,0,0.0,36.0
505,505,2,14.2857142857,36.0
506,506,0,0.0,36.0
507,507,2,31.0,36.0
508,508,0,0.0,36.0
509,509,18,35.1428571429,36.0
510,510,0,0.0,36.0
511,511,1,5.28571428571,36.0
512,512,0,0.0,36.0
513,513,1,7.85714285714,36.0
514,514,0,0.0,36.0
515,515,0,0.0,36.0
516,516,0,0.0,36.0
517,517,5,29.5714285714,36.0
518,518,0,0.0,36.0
519,519,1,35.8571428571,36.0
520,520,0,0.0,36.0
521,521,6,34.8571428571,36.0
522,522,0,0.0,36.0
523,523,2,11.1428571429,36.0
524,524,0,0.0,36.0
525,525,0,0.0,36.0
526,526,2,22.7142857143,36.0
527,527,0,0.0,36.0
528,528,1,29.8571428571,36.0
529,529,1,20.8571428571,35.8571428571
530,530,0,0.0,35.8571428571
531,531,0,0.0,35.8571428571
532,532,1,12.8571428571,35.8571428571
533,533,0,0.0,35.8571428571
534,534,1,4.57142857143,35.8571428571
535,535,2,29.4285714286,35.8571428571
536,536,0,0.0,35.8571428571
537,537,0,0.0,35.8571428571
538,538,0,0.0,35.8571428571
539,539,1,0.142857142857,35.8571428571
540,540,0,0.0,35.8571428571
541,541,2,31.7142857143,35.8571428571
542,542,0,0.0,35.8571428571
543,543,2,22.4285714286,35.8571428571
544,544,0,0.0,35.8571428571
545,545,0,0.0,35.8571428571
546,546,0,0.0,35.8571428571
547,547,0,0.0,35.8571428571
548,548,1,22.0,35.8571428571
549,549,10,33.5714285714,35.8571428571
550,550,0,0.0,35.8571428571
551,551,1,6.71428571429,35.8571428571
552,552,3,3.42857142857,35.8571428571
553,553,3,23.7142857143,35.8571428571
554,554,0,0.0,35.8571428571
555,555,2,32.4285714286,35.8571428571
556,556,0,0.0,35.8571428571
557,557,0,0.0,35.8571428571
558,558,12,23.8571428571,35.7142857143
559,559,0,0.0,35.7142857143
560,560,1,7.57142857143,35.7142857143
561,561,2,29.0,35.7142857143
562,562,2,34.4285714286,35.7142857143
563,563,0,0.0,35.7142857143
564,564,0,0.0,35.7142857143
565,565,0,0.0,35.7142857143
566,566,0,0.0,35.7142857143
567,567,5,33.4285714286,35.7142857143
568,568,0,0.0,35.7142857143
569,569,0,0.0,35.7142857143
570,570,2,24.8571428571,35.7142857143
571,571,0,0.0,35.7142857143
572,572,5,8.71428571429,35.7142857143
573,573,0,0.0,35.7142857143
574,574,1,26.7142857143,35.7142857143
575,575,1,5.42857142857,35.7142857143
576,576,0,0.0,35.7142857143
577,577,1,7.28571428571,35.7142857143
578,578,0,0.0,35.7142857143
579,579,0,0.0,35.7142857143
580,580,0,0.0,35.7142857143
581,581,0,0.0,35.7142857143
582,582,0,0.0,35.7142857143
583,583,0,0.0,35.7142857143
584,584,1,35.4285714286,35.5714285714
585,585,2,21.5714285714,35.5714285714
586,586,0,0.0,35.5714285714
587,587,0,0.0,35.5714285714
588,588,0,0.0,35.5714285714
589,589,0,0.0,35.5714285714
590,590,0,0.0,35.5714285714
591,591,0,0.0,35.5714285714
592,592,1,29.0,35.5714285714
593,593,7,17.1428571429,35.5714285714
594,594,0,0.0,35.5714285714
595,595,0,0.0,35.5714285714
596,596,2,32.7142857143,35.5714285714
597,597,0,0.0,35.5714285714
598,598,0,0.0,35.5714285714
599,599,2,25.8571428571,35.5714285714
600,600,0,0.0,35.5714285714
601,601,4,21.4285714286,35.5714285714
602,602,0,0.0,35.5714285714
603,603,0,0.0,35.5714285714
604,604,3,30.0,35.5714285714
605,605,0,0.0,35.5714285714
606,606,1,31.2857142857,35.5714285714
607,607,0,0.0,35.5714285714
608,608,2,13.5714285714,35.5714285714
609,609,2,22.0,35.5714285714
610,610,0,0.0,35.5714285714
611,611,1,10.2857142857,35.4285714286
612,612,1,20.8571428571,35.4285714286
613,613,2,33.5714285714,35.4285714286
614,614,0,0.0,35.4285714286
615,615,0,0.0,35.4285714286
616,616,0,0.0,35.4285714286
617,617,0,0.0,35.4285714286
618,618,2,3.85714285714,35.4285714286
619,619,0,0.0,35.4285714286
620,620,0,0.0,35.4285714286
621,621,1,7.85714285714,35.4285714286
622,622,0,0.0,35.4285714286
623,623,1,23.8571428571,35.4285714286
624,624,0,0.0,35.4285714286
625,625,3,11.1428571429,35.4285714286
626,626,0,0.0,35.4285714286
627,627,0,0.0,35.4285714286
628,628,0,0.0,35.4285714286
629,629,0,0.0,35.4285714286
630,630,1,34.2857142857,35.4285714286
631,631,0,0.0,35.4285714286
632,632,0,0.0,35.4285714286
633,633,1,2.71428571429,35.4285714286
634,634,0,0.0,35.4285714286
635,635,0,0.0,35.4285714286
636,636,0,0.0,35.4285714286
637,637,0,0.0,35.2857142857
638,638,0,0.0,35.2857142857
639,639,0,0.0,35.2857142857
640,640,0,0.0,35.2857142857
641,641,3,26.7142857143,35.2857142857
642,642,0,0.0,35.2857142857
643,643,4,28.4285714286,35.2857142857
644,644,0,0.0,35.2857142857
645,645,0,0.0,35.2857142857
646,646,0,0.0,35.2857142857
647,647,0,0.0,35.2857142857
648,648,2,11.5714285714,35.2857142857
649,649,1,8.57142857143,35.2857142857
650,650,1,6.42857142857,35.2857142857
651,651,0,0.0,35.2857142857
652,652,0,0.0,35.2857142857
653,653,0,0.0,35.2857142857
654,654,0,0.0,35.2857142857
655,655,5,31.1428571429,35.2857142857
656,656,1,5.85714285714,35.2857142857
657,657,0,0.0,35.2857142857
658,658,0,0.0,35.2857142857
659,659,1,7.14285714286,35.2857142857
660,660,2,8.28571428571,35.2857142857
661,661,1,33.7142857143,35.2857142857
662,662,0,0.0,35.2857142857
663,663,0,0.0,35.2857142857
664,664,0,0.0,35.2857142857
665,665,0,0.0,35.2857142857
666,666,1,20.8571428571,35.1428571429
667,667,0,0.0,35.1428571429
668,668,8,33.5714285714,35.1428571429
669,669,1,4.42857142857,35.1428571429
670,670,0,0.0,35.1428571429
671,671,6,29.2857142857,35.1428571429
672,672,1,8.14285714286,35.1428571429
673,673,2,3.85714285714,35.1428571429
674,674,0,0.0,35.1428571429
675,675,3,25.2857142857,35.1428571429
676,676,6,23.0,35.1428571429
677,677,0,0.0,35.1428571429
678,678,1,20.4285714286,35.1428571429
679,679,0,0.0,35.1428571429
680,680,2,16.2857142857,35.1428571429
681,681,5,25.1428571429,35.1428571429
682,682,0,0.0,35.1428571429
683,683,1,28.0,35.1428571429
684,684,0,0.0,35.1428571429
685,685,0,0.0,35.1428571429
686,686,0,0.0,35.1428571429
687,687,0,0.0,35.1428571429
688,688,0,0.0,35.1428571429
689,689,0,0.0,35.1428571429
690,690,1,18.8571428571,35.1428571429
691,691,1,6.0,35.1428571429
692,692,0,0.0,35.1428571429
693,693,13,34.4285714286,35.1428571429
694,694,0,0.0,35.1428571429
695,695,0,0.0,35.1428571429
696,696,1,3.57142857143,35.1428571429
697,697,3,25.8571428571,35.0
698,698,0,0.0,35.0
699,699,5,14.4285714286,35.0
700,700,0,0.0,35.0
701,701,2,17.4285714286,35.0
702,702,1,22.8571428571,35.0
703,703,0,0.0,35.0
704,704,0,0.0,35.0
705,705,1,11.1428571429,35.0
706,706,0,0.0,35.0
707,707,1,4.0,35.0
708,708,1,0.571428571429,35.0
709,709,0,0.0,35.0
710,710,0,0.0,35.0
711,711,0,0.0,35.0
712,712,4,30.5714285714,35.0
713,713,6,33.5714285714,35.0
714,714,1,1.71428571429,35.0
715,715,2,9.71428571429,35.0
716,716,0,0.0,35.0
717,717,0,0.0,35.0
718,718,2,12.0,35.0
719,719,0,0.0,35.0
720,720,7,34.8571428571,35.0
721,721,0,0.0,35.0
722,722,0,0.0,35.0
723,723,0,0.0,35.0
724,724,0,0.0,35.0
725,725,0,0.0,35.0
726,726,3,20.2857142857,35.0
727,727,0,0.0,35.0
728,728,5,17.0,35.0
729,729,0,0.0,35.0
730,730,2,10.5714285714,34.8571428571
731,731,1,4.57142857143,34.8571428571
732,732,3,33.7142857143,34.8571428571
733,733,0,0.0,34.8571428571
734,734,0,0.0,34.8571428571
735,735,0,0.0,34.8571428571
736,736,0,0.0,34.8571428571
737,737,0,0.0,34.8571428571
738,738,0,0.0,34.8571428571
739,739,1,13.2857142857,34.8571428571
740,740,0,0.0,34.8571428571
741,741,1,24.8571428571,34.8571428571
742,742,0,0.0,34.8571428571
743,743,0,0.0,34.8571428571
744,744,0,0.0,34.8571428571
745,745,2,14.4285714286,34.8571428571
746,746,0,0.0,34.8571428571
747,747,1,12.5714285714,34.8571428571
748,748,0,0.0,34.8571428571
749,749,0,0.0,34.8571428571
750,750,1,7.14285714286,34.8571428571
751,751,10,29.2857142857,34.8571428571
752,752,0,0.0,34.8571428571
753,753,0,0.0,34.8571428571
754,754,0,0.0,34.8571428571
755,755,0,0.0,34.8571428571
756,756,3,16.4285714286,34.8571428571
757,757,3,17.1428571429,34.8571428571
758,758,0,0.0,34.8571428571
759,759,0,0.0,34.8571428571
760,760,2,9.14285714286,34.7142857143
761,761,5,34.5714285714,34.7142857143
762,762,4,23.1428571429,34.7142857143
763,763,0,0.0,34.7142857143
764,764,0,0.0,34.7142857143
765,765,0,0.0,34.7142857143
766,766,0,0.0,34.7142857143
767,767,0,0.0,34.7142857143
768,768,0,0.0,34.7142857143
769,769,0,0.0,34.7142857143
770,770,1,3.71428571429,34.7142857143
771,771,0,0.0,34.7142857143
772,772,0,0.0,34.7142857143
773,773,0,0.0,34.7142857143
774,774,0,0.0,34.7142857143
775,775,1,16.0,34.7142857143
776,776,1,0.285714285714,34.7142857143
777,777,3,9.28571428571,34.7142857143
778,778,1,8.71428571429,34.7142857143
779,779,0,0.0,34.7142857143
780,780,0,0.0,34.7142857143
781,781,0,0.0,34.7142857143
782,782,0,0.0,34.5714285714
783,783,6,32.8571428571,34.5714285714
784,784,2,25.5714285714,34.5714285714
785,785,0,0.0,34.5714285714
786,786,0,0.0,34.5714285714
787,787,0,0.0,34.5714285714
788,788,0,0.0,34.5714285714
789,789,0,0.0,34.5714285714
790,790,0,0.0,34.5714285714
791,791,0,0.0,34.5714285714
792,792,0,0.0,34.5714285714
793,793,1,2.14285714286,34.5714285714
794,794,6,30.8571428571,34.5714285714
795,795,0,0.0,34.5714285714
796,796,1,5.85714285714,34.5714285714
797,797,0,0.0,34.5714285714
798,798,2,8.14285714286,34.5714285714
799,799,0,0.0,34.5714285714
800,800,0,0.0,34.5714285714
801,801,7,33.7142857143,34.5714285714
802,802,0,0.0,34.5714285714
803,803,0,0.0,34.5714285714
804,804,0,0.0,34.5714285714
805,805,2,20.7142857143,34.5714285714
806,806,0,0.0,34.5714285714
807,807,0,0.0,34.5714285714
808,808,0,0.0,34.5714285714
809,809,0,0.0,34.5714285714
810,810,2,12.7142857143,34.5714285714
811,811,0,0.0,34.4285714286
812,812,1,7.28571428571,34.4285714286
813,813,13,33.8571428571,34.4285714286
814,814,7,5.57142857143,34.4285714286
815,815,0,0.0,34.4285714286
816,816,0,0.0,34.4285714286
817,817,3,32.0,34.4285714286
818,818,0,0.0,34.4285714286
819,819,1,22.1428571429,34.4285714286
820,820,0,0.0,34.4285714286
821,821,1,4.71428571429,34.4285714286
822,822,1,19.7142857143,34.4285714286
823,823,2,0.857142857143,34.4285714286
824,824,0,0.0,34.4285714286
825,825,0,0.0,34.4285714286
826,826,0,0.0,34.4285714286
827,827,1,8.28571428571,34.4285714286
828,828,0,0.0,34.4285714286
829,829,0,0.0,34.4285714286
830,830,1,21.1428571429,34.4285714286
831,831,1,23.8571428571,34.4285714286
832,832,0,0.0,34.4285714286
833,833,0,0.0,34.4285714286
834,834,0,0.0,34.4285714286
835,835,0,0.0,34.4285714286
836,836,2,31.0,34.4285714286
837,837,1,0.571428571429,34.4285714286
838,838,0,0.0,34.4285714286
839,839,0,0.0,34.4285714286
840,840,1,26.7142857143,34.4285714286
841,841,19,34.0,34.2857142857
842,842,2,21.0,34.2857142857
843,843,2,28.0,34.2857142857
844,844,0,0.0,34.2857142857
845,845,2,21.0,34.2857142857
846,846,2,14.0,34.2857142857
847,847,0,0.0,34.2857142857
848,848,0,0.0,34.2857142857
849,849,0,0.0,34.2857142857
850,850,1,6.57142857143,34.2857142857
851,851,0,0.0,34.2857142857
852,852,0,0.0,34.2857142857
853,853,0,0.0,34.2857142857
854,854,1,0.428571428571,34.2857142857
855,855,0,0.0,34.2857142857
856,856,1,10.5714285714,34.2857142857
857,857,0,0.0,34.2857142857
858,858,1,1.42857142857,34.2857142857
859,859,0,0.0,34.2857142857
860,860,0,0.0,34.2857142857
861,861,2,18.2857142857,34.2857142857
862,862,0,0.0,34.2857142857
863,863,0,0.0,34.2857142857
864,864,0,0.0,34.2857142857
865,865,1,14.8571428571,34.2857142857
866,866,0,0.0,34.2857142857
867,867,7,31.4285714286,34.2857142857
868,868,0,0.0,34.2857142857
869,869,0,0.0,34.2857142857
870,870,0,0.0,34.2857142857
871,871,0,0.0,34.2857142857
872,872,0,0.0,34.2857142857
873,873,1,0.142857142857,34.2857142857
874,874,0,0.0,34.2857142857
875,875,0,0.0,34.2857142857
876,876,1,27.7142857143,34.2857142857
877,877,1,16.5714285714,34.1428571429
878,878,0,0.0,34.1428571429
879,879,0,0.0,34.1428571429
880,880,2,8.71428571429,34.1428571429
881,881,0,0.0,34.1428571429
882,882,1,9.85714285714,34.1428571429
883,883,1,15.2857142857,34.1428571429
884,884,0,0.0,34.1428571429
885,885,0,0.0,34.1428571429
886,886,4,28.1428571429,34.1428571429
887,887,0,0.0,34.1428571429
888,888,0,0.0,34.1428571429
889,889,1,13.7142857143,34.1428571429
890,890,0,0.0,34.1428571429
891,891,0,0.0,34.1428571429
892,892,0,0.0,34.1428571429
893,893,1,23.8571428571,34.1428571429
894,894,0,0.0,34.1428571429
895,895,0,0.0,34.1428571429
896,896,0,0.0,34.1428571429
897,897,5,14.7142857143,34.1428571429
898,898,1,10.2857142857,34.1428571429
899,899,0,0.0,34.1428571429
900,900,1,24.8571428571,34.1428571429
901,901,0,0.0,34.1428571429
902,902,1,9.71428571429,34.1428571429
903,903,0,0.0,34.1428571429
904,904,1,2.28571428571,34.1428571429
905,905,0,0.0,34.1428571429
906,906,0,0.0,34.1428571429
907,907,0,0.0,34.1428571429
908,908,7,26.0,34.1428571429
909,909,2,20.1428571429,34.1428571429
910,910,1,12.7142857143,34.1428571429
911,911,0,0.0,34.1428571429
912,912,0,0.0,34.1428571429
913,913,0,0.0,34.0
914,914,0,0.0,34.0
915,915,0,0.0,34.0
916,916,1,15.7142857143,34.0
917,917,0,0.0,34.0
918,918,0,0.0,34.0
919,919,0,0.0,34.0
920,920,0,0.0,34.0
921,921,2,32.7142857143,34.0
922,922,0,0.0,34.0
923,923,0,0.0,34.0
924,924,0,0.0,34.0
925,925,0,0.0,34.0
926,926,0,0.0,34.0
927,927,0,0.0,34.0
928,928,1,8.57142857143,34.0
929,929,0,0.0,34.0
930,930,4,26.1428571429,34.0
931,931,0,0.0,34.0
932,932,1,4.57142857143,34.0
933,933,1,23.0,34.0
934,934,0,0.0,34.0
935,935,1,2.57142857143,34.0
936,936,0,0.0,34.0
937,937,1,3.71428571429,34.0
938,938,2,33.0,33.8571428571
939,939,0,0.0,33.8571428571
940,940,1,3.0,33.8571428571
941,941,0,0.0,33.8571428571
942,942,0,0.0,33.8571428571
943,943,0,0.0,33.8571428571
944,944,2,33.7142857143,33.8571428571
945,945,0,0.0,33.8571428571
946,946,4,15.2857142857,33.8571428571
947,947,0,0.0,33.8571428571
948,948,1,6.14285714286,33.8571428571
949,949,7,32.5714285714,33.8571428571
950,950,1,1.14285714286,33.8571428571
951,951,0,0.0,33.8571428571
952,952,1,2.28571428571,33.8571428571
953,953,0,0.0,33.8571428571
954,954,0,0.0,33.8571428571
955,955,4,24.0,33.8571428571
956,956,0,0.0,33.8571428571
957,957,1,6.71428571429,33.8571428571
958,958,0,0.0,33.8571428571
959,959,0,0.0,33.8571428571
960,960,0,0.0,33.8571428571
961,961,0,0.0,33.8571428571
962,962,1,1.0,33.8571428571
963,963,0,0.0,33.8571428571
964,964,7,30.1428571429,33.8571428571
965,965,1,11.0,33.8571428571
966,966,0,0.0,33.8571428571
967,967,6,29.8571428571,33.8571428571
968,968,0,0.0,33.8571428571
969,969,5,18.2857142857,33.8571428571
970,970,0,0.0,33.8571428571
971,971,2,14.2857142857,33.8571428571
972,972,0,0.0,33.8571428571
973,973,1,17.4285714286,33.8571428571
974,974,0,0.0,33.8571428571
975,975,6,30.4285714286,33.8571428571
976,976,0,0.0,33.8571428571
977,977,2,11.4285714286,33.8571428571
978,978,0,0.0,33.8571428571
979,979,0,0.0,33.8571428571
980,980,0,0.0,33.8571428571
981,981,2,16.0,33.7142857143
982,982,2,27.1428571429,33.7142857143
983,983,0,0.0,33.7142857143
984,984,0,0.0,33.7142857143
985,985,6,25.0,33.7142857143
986,986,0,0.0,33.7142857143
987,987,0,0.0,33.7142857143
988,988,1,20.0,33.7142857143
989,989,0,0.0,33.7142857143
990,990,1,24.2857142857,33.7142857143
991,991,0,0.0,33.7142857143
992,992,0,0.0,33.7142857143
993,993,0,0.0,33.7142857143
994,994,2,10.7142857143,33.7142857143
995,995,0,0.0,33.7142857143
996,996,0,0.0,33.7142857143
997,997,0,0.0,33.7142857143
998,998,0,0.0,33.7142857143
999,999,1,1.71428571429,33.7142857143
1000,1000,4,24.4285714286,33.7142857143
1001,1001,0,0.0,33.7142857143
1002,1002,0,0.0,33.7142857143
1003,1003,1,26.7142857143,33.7142857143
1004,1004,0,0.0,33.7142857143
1005,1005,1,3.85714285714,33.7142857143
1006,1006,0,0.0,33.7142857143
1007,1007,0,0.0,33.5714285714
1008,1008,1,1.42857142857,33.5714285714
1009,1009,0,0.0,33.5714285714
1010,1010,5,21.1428571429,33.5714285714
1011,1011,2,18.8571428571,33.5714285714
1012,1012,0,0.0,33.5714285714
1013,1013,0,0.0,33.5714285714
1014,1014,0,0.0,33.5714285714
1015,1015,3,26.0,33.5714285714
1016,1016,0,0.0,33.5714285714
1017,1017,12,32.4285714286,33.5714285714
1018,1018,1,9.14285714286,33.5714285714
1019,1019,0,0.0,33.5714285714
1020,1020,0,0.0,33.5714285714
1021,1021,2,21.4285714286,33.5714285714
1022,1022,0,0.0,33.5714285714
1023,1023,0,0.0,33.5714285714
1024,1024,0,0.0,33.5714285714
1025,1025,0,0.0,33.5714285714
1026,1026,0,0.0,33.5714285714
1027,1027,0,0.0,33.5714285714
1028,1028,0,0.0,33.5714285714
1029,1029,0,0.0,33.5714285714
1030,1030,0,0.0,33.5714285714
1031,1031,0,0.0,33.5714285714
1032,1032,0,0.0,33.5714285714
1033,1033,0,0.0,33.5714285714
1034,1034,0,0.0,33.5714285714
1035,1035,0,0.0,33.5714285714
1036,1036,0,0.0,33.5714285714
1037,1037,4,14.2857142857,33.5714285714
1038,1038,1,23.1428571429,33.4285714286
1039,1039,1,8.71428571429,33.4285714286
1040,1040,0,0.0,33.4285714286
1041,1041,0,0.0,33.4285714286
1042,1042,3,18.0,33.4285714286
1043,1043,0,0.0,33.4285714286
1044,1044,1,33.2857142857,33.4285714286
1045,1045,0,0.0,33.4285714286
1046,1046,1,0.571428571429,33.4285714286
1047,1047,0,0.0,33.4285714286
1048,1048,0,0.0,33.4285714286
1049,1049,0,0.0,33.4285714286
1050,1050,0,0.0,33.4285714286
1051,1051,4,25.0,33.4285714286
1052,1052,0,0.0,33.4285714286
1053,1053,0,0.0,33.4285714286
1054,1054,2,19.1428571429,33.4285714286
1055,1055,0,0.0,33.4285714286
1056,1056,5,32.2857142857,33.4285714286
1057,1057,0,0.0,33.4285714286
1058,1058,3,24.5714285714,33.4285714286
1059,1059,1,0.142857142857,33.4285714286
1060,1060,0,0.0,33.4285714286
1061,1061,0,0.0,33.4285714286
1062,1062,3,13.1428571429,33.4285714286
1063,1063,0,0.0,33.4285714286
1064,1064,0,0.0,33.4285714286
1065,1065,0,0.0,33.4285714286
1066,1066,0,0.0,33.4285714286
1067,1067,0,0.0,33.2857142857
1068,1068,0,0.0,33.2857142857
1069,1069,0,0.0,33.2857142857
1070,1070,0,0.0,33.2857142857
1071,1071,2,4.0,33.2857142857
1072,1072,0,0.0,33.2857142857
1073,1073,0,0.0,33.2857142857
1074,1074,0,0.0,33.2857142857
1075,1075,2,4.85714285714,33.2857142857
1076,1076,3,19.2857142857,33.2857142857
1077,1077,0,0.0,33.2857142857
1078,1078,0,0.0,33.2857142857
1079,1079,0,0.0,33.2857142857
1080,1080,0,0.0,33.2857142857
1081,1081,11,32.0,33.2857142857
1082,1082,0,0.0,33.2857142857
1083,1083,0,0.0,33.2857142857
1084,1084,2,2.28571428571,33.2857142857
1085,1085,0,0.0,33.2857142857
1086,1086,1,19.0,33.2857142857
1087,1087,0,0.0,33.2857142857
1088,1088,7,28.7142857143,33.2857142857
1089,1089,0,0.0,33.2857142857
1090,1090,0,0.0,33.2857142857
1091,1091,1,19.0,33.2857142857
1092,1092,0,0.0,33.2857142857
1093,1093,3,12.0,33.2857142857
1094,1094,0,0.0,33.2857142857
1095,1095,2,28.0,33.2857142857
1096,1096,0,0.0,33.2857142857
1097,1097,1,2.0,33.2857142857
1098,1098,0,0.0,33.2857142857
1099,1099,4,25.0,33.2857142857
1100,1100,2,15.2857142857,33.1428571429
1101,1101,2,6.0,33.1428571429
1102,1102,1,18.2857142857,33.1428571429
1103,1103,0,0.0,33.1428571429
1104,1104,0,0.0,33.1428571429
1105,1105,0,0.0,33.1428571429
1106,1106,0,0.0,33.1428571429
1107,1107,0,0.0,33.1428571429
1108,1108,1,8.57142857143,33.1428571429
1109,1109,3,30.2857142857,33.1428571429
1110,1110,0,0.0,33.1428571429
1111,1111,0,0.0,33.1428571429
1112,1112,1,18.4285714286,33.1428571429
1113,1113,1,0.857142857143,33.1428571429
1114,1114,6,18.4285714286,33.1428571429
1115,1115,0,0.0,33.1428571429
1116,1116,0,0.0,33.1428571429
1117,1117,4,29.0,33.1428571429
1118,1118,0,0.0,33.1428571429
1119,1119,0,0.0,33.1428571429
1120,1120,1,1.28571428571,33.1428571429
1121,1121,0,0.0,33.1428571429
1122,1122,2,9.85714285714,33.1428571429
1123,1123,0,0.0,33.1428571429
1124,1124,1,2.42857142857,33.1428571429
1125,1125,3,9.71428571429,33.1428571429
1126,1126,7,30.4285714286,33.1428571429
1127,1127,2,15.0,33.1428571429
1128,1128,0,0.0,33.1428571429
1129,1129,5,32.1428571429,33.1428571429
1130,1130,0,0.0,33.1428571429
1131,1131,0,0.0,33.1428571429
1132,1132,0,0.0,33.1428571429
1133,1133,0,0.0,33.0
1134,1134,5,32.4285714286,33.0
1135,1135,0,0.0,33.0
1136,1136,12,17.7142857143,33.0
1137,1137,1,18.4285714286,33.0
1138,1138,0,0.0,33.0
1139,1139,1,18.8571428571,33.0
1140,1140,0,0.0,33.0
1141,1141,1,0.714285714286,33.0
1142,1142,0,0.0,33.0
1143,1143,0,0.0,33.0
1144,1144,0,0.0,33.0
1145,1145,0,0.0,33.0
1146,1146,3,8.57142857143,33.0
1147,1147,0,0.0,33.0
1148,1148,0,0.0,33.0
1149,1149,0,0.0,33.0
1150,1150,0,0.0,33.0
1151,1151,0,0.0,33.0
1152,1152,1,12.1428571429,33.0
1153,1153,0,0.0,33.0
1154,1154,1,0.571428571429,33.0
1155,1155,0,0.0,33.0
1156,1156,0,0.0,33.0
1157,1157,0,0.0,33.0
1158,1158,0,0.0,32.8571428571
1159,1159,0,0.0,32.8571428571
1160,1160,4,31.4285714286,32.8571428571
1161,1161,0,0.0,32.8571428571
1162,1162,0,0.0,32.8571428571
1163,1163,0,0.0,32.8571428571
1164,1164,2,15.4285714286,32.8571428571
1165,1165,0,0.0,32.8571428571
1166,1166,4,1.28571428571,32.8571428571
1167,1167,0,0.0,32.8571428571
1168,1168,1,0.714285714286,32.8571428571
1169,1169,0,0.0,32.8571428571
1170,1170,1,2.71428571429,32.8571428571
1171,1171,0,0.0,32.8571428571
1172,1172,3,6.0,32.8571428571
1173,1173,0,0.0,32.8571428571
1174,1174,0,0.0,32.8571428571
1175,1175,0,0.0,32.8571428571
1176,1176,0,0.0,32.8571428571
1177,1177,0,0.0,32.8571428571
1178,1178,1,8.85714285714,32.8571428571
1179,1179,0,0.0,32.8571428571
1180,1180,0,0.0,32.8571428571
1181,1181,3,28.4285714286,32.8571428571
1182,1182,0,0.0,32.8571428571
1183,1183,3,20.5714285714,32.7142857143
1184,1184,4,20.7142857143,32.7142857143
1185,1185,1,30.1428571429,32.7142857143
1186,1186,0,0.0,32.7142857143
1187,1187,2,32.5714285714,32.7142857143
1188,1188,1,3.57142857143,32.7142857143
1189,1189,2,31.7142857143,32.7142857143
1190,1190,1,0.857142857143,32.7142857143
1191,1191,0,0.0,32.7142857143
1192,1192,0,0.0,32.7142857143
1193,1193,2,1.14285714286,32.7142857143
1194,1194,1,1.57142857143,32.7142857143
1195,1195,0,0.0,32.7142857143
1196,1196,0,0.0,32.7142857143
1197,1197,0,0.0,32.7142857143
1198,1198,1,0.571428571429,32.7142857143
1199,1199,7,15.0,32.7142857143
1200,1200,0,0.0,32.7142857143
1201,1201,6,26.7142857143,32.7142857143
1202,1202,0,0.0,32.7142857143
1203,1203,6,29.5714285714,32.7142857143
1204,1204,0,0.0,32.7142857143
1205,1205,0,0.0,32.7142857143
1206,1206,0,0.0,32.7142857143
1207,1207,1,0.285714285714,32.7142857143
1208,1208,0,0.0,32.5714285714
1209,1209,0,0.0,32.5714285714
1210,1210,0,0.0,32.5714285714
1211,1211,0,0.0,32.5714285714
1212,1212,0,0.0,32.5714285714
1213,1213,0,0.0,32.5714285714
1214,1214,0,0.0,32.5714285714
1215,1215,0,0.0,32.5714285714
1216,1216,0,0.0,32.5714285714
1217,1217,1,6.14285714286,32.5714285714
1218,1218,0,0.0,32.5714285714
1219,1219,0,0.0,32.5714285714
1220,1220,1,3.71428571429,32.5714285714
1221,1221,0,0.0,32.5714285714
1222,1222,0,0.0,32.5714285714
1223,1223,0,0.0,32.5714285714
1224,1224,0,0.0,32.5714285714
1225,1225,0,0.0,32.5714285714
1226,1226,0,0.0,32.5714285714
1227,1227,3,28.1428571429,32.5714285714
1228,1228,0,0.0,32.5714285714
1229,1229,0,0.0,32.5714285714
1230,1230,3,25.8571428571,32.4285714286
1231,1231,0,0.0,32.4285714286
1232,1232,3,27.5714285714,32.4285714286
1233,1233,0,0.0,32.4285714286
1234,1234,8,23.0,32.4285714286
1235,1235,0,0.0,32.4285714286
1236,1236,1,0.857142857143,32.4285714286
1237,1237,0,0.0,32.4285714286
1238,1238,0,0.0,32.4285714286
1239,1239,2,13.1428571429,32.4285714286
1240,1240,0,0.0,32.4285714286
1241,1241,0,0.0,32.4285714286
1242,1242,11,30.8571428571,32.4285714286
1243,1243,0,0.0,32.4285714286
1244,1244,1,1.28571428571,32.4285714286
1245,1245,8,32.2857142857,32.4285714286
1246,1246,0,0.0,32.4285714286
1247,1247,1,3.57142857143,32.4285714286
1248,1248,0,0.0,32.4285714286
1249,1249,1,7.85714285714,32.4285714286
1250,1250,0,0.0,32.4285714286
1251,1251,0,0.0,32.4285714286
1252,1252,3,23.4285714286,32.4285714286
1253,1253,0,0.0,32.4285714286
1254,1254,0,0.0,32.4285714286
1255,1255,0,0.0,32.4285714286
1256,1256,0,0.0,32.4285714286
1257,1257,0,0.0,32.4285714286
1258,1258,3,14.2857142857,32.4285714286
1259,1259,1,2.85714285714,32.4285714286
1260,1260,0,0.0,32.4285714286
1261,1261,1,19.8571428571,32.4285714286
1262,1262,6,25.0,32.4285714286
1263,1263,0,0.0,32.4285714286
1264,1264,2,21.4285714286,32.4285714286
1265,1265,1,18.5714285714,32.2857142857
1266,1266,1,0.142857142857,32.2857142857
1267,1267,0,0.0,32.2857142857
1268,1268,1,2.85714285714,32.2857142857
1269,1269,1,0.714285714286,32.2857142857
1270,1270,0,0.0,32.2857142857
1271,1271,3,11.8571428571,32.2857142857
1272,1272,2,18.7142857143,32.2857142857
1273,1273,0,0.0,32.2857142857
1274,1274,0,0.0,32.2857142857
1275,1275,0,0.0,32.2857142857
1276,1276,2,2.42857142857,32.2857142857
1277,1277,1,7.28571428571,32.2857142857
1278,1278,1,15.8571428571,32.2857142857
1279,1279,0,0.0,32.2857142857
1280,1280,0,0.0,32.2857142857
1281,1281,0,0.0,32.2857142857
1282,1282,0,0.0,32.2857142857
1283,1283,3,1.42857142857,32.2857142857
1284,1284,2,8.28571428571,32.2857142857
1285,1285,0,0.0,32.2857142857
1286,1286,3,19.1428571429,32.2857142857
1287,1287,0,0.0,32.2857142857
1288,1288,0,0.0,32.2857142857
1289,1289,1,6.28571428571,32.2857142857
1290,1290,4,24.7142857143,32.2857142857
1291,1291,0,0.0,32.2857142857
1292,1292,6,30.7142857143,32.2857142857
1293,1293,0,0.0,32.2857142857
1294,1294,1,5.85714285714,32.2857142857
1295,1295,1,30.1428571429,32.2857142857
1296,1296,4,27.7142857143,32.2857142857
1297,1297,0,0.0,32.2857142857
1298,1298,2,27.1428571429,32.2857142857
1299,1299,0,0.0,32.2857142857
1300,1300,4,31.5714285714,32.2857142857
1301,1301,0,0.0,32.1428571429
1302,1302,0,0.0,32.1428571429
1303,1303,0,0.0,32.1428571429
1304,1304,0,0.0,32.1428571429
1305,1305,2,21.5714285714,32.1428571429
1306,1306,0,0.0,32.1428571429
1307,1307,1,29.7142857143,32.1428571429
1308,1308,0,0.0,32.1428571429
1309,1309,1,18.0,32.1428571429
1310,1310,2,8.0,32.1428571429
1311,1311,0,0.0,32.1428571429
1312,1312,0,0.0,32.1428571429
1313,1313,1,10.1428571429,32.1428571429
1314,1314,0,0.0,32.1428571429
1315,1315,0,0.0,32.1428571429
1316,1316,2,11.8571428571,32.1428571429
1317,1317,1,9.14285714286,32.1428571429
1318,1318,0,0.0,32.1428571429
1319,1319,0,0.0,32.1428571429
1320,1320,3,6.28571428571,32.1428571429
1321,1321,0,0.0,32.1428571429
1322,1322,0,0.0,32.1428571429
1323,1323,0,0.0,32.1428571429
1324,1324,0,0.0,32.1428571429
1325,1325,0,0.0,32.1428571429
1326,1326,0,0.0,32.1428571429
1327,1327,1,19.0,32.1428571429
1328,1328,1,29.2857142857,32.1428571429
1329,1329,3,23.7142857143,32.1428571429
1330,1330,2,27.1428571429,32.1428571429
1331,1331,0,0.0,32.1428571429
1332,1332,0,0.0,32.1428571429
1333,1333,0,0.0,32.1428571429
1334,1334,1,4.57142857143,32.1428571429
1335,1335,0,0.0,32.0
1336,1336,0,0.0,32.0
1337,1337,0,0.0,32.0
1338,1338,4,29.1428571429,32.0
1339,1339,0,0.0,32.0
1340,1340,1,1.57142857143,32.0
1341,1341,3,3.28571428571,32.0
1342,1342,0,0.0,32.0
1343,1343,0,0.0,32.0
1344,1344,0,0.0,32.0
1345,1345,0,0.0,32.0
1346,1346,0,0.0,32.0
1347,1347,0,0.0,32.0
1348,1348,3,30.7142857143,32.0
1349,1349,1,23.7142857143,32.0
1350,1350,0,0.0,32.0
1351,1351,1,1.0,32.0
1352,1352,1,30.5714285714,32.0
1353,1353,2,11.1428571429,32.0
1354,1354,0,0.0,32.0
1355,1355,2,24.2857142857,32.0
1356,1356,0,0.0,32.0
1357,1357,0,0.0,32.0
1358,1358,0,0.0,32.0
1359,1359,3,25.7142857143,32.0
1360,1360,0,0.0,32.0
1361,1361,1,30.5714285714,32.0
1362,1362,0,0.0,32.0
1363,1363,1,19.2857142857,32.0
1364,1364,0,0.0,32.0
1365,1365,9,30.5714285714,31.8571428571
1366,1366,0,0.0,31.8571428571
1367,1367,0,0.0,31.8571428571
1368,1368,4,8.42857142857,31.8571428571
1369,1369,0,0.0,31.8571428571
1370,1370,2,23.4285714286,31.8571428571
1371,1371,0,0.0,31.8571428571
1372,1372,5,26.0,31.8571428571
1373,1373,0,0.0,31.8571428571
1374,1374,0,0.0,31.8571428571
1375,1375,1,5.28571428571,31.8571428571
1376,1376,0,0.0,31.8571428571
1377,1377,0,0.0,31.8571428571
1378,1378,1,23.0,31.8571428571
1379,1379,0,0.0,31.8571428571
1380,1380,0,0.0,31.8571428571
1381,1381,2,11.7142857143,31.8571428571
1382,1382,0,0.0,31.8571428571
1383,1383,0,0.0,31.8571428571
1384,1384,0,0.0,31.8571428571
1385,1385,0,0.0,31.8571428571
1386,1386,0,0.0,31.8571428571
1387,1387,4,30.2857142857,31.8571428571
1388,1388,1,5.0,31.8571428571
1389,1389,0,0.0,31.8571428571
1390,1390,0,0.0,31.7142857143
1391,1391,1,1.0,31.7142857143
1392,1392,5,22.8571428571,31.7142857143
1393,1393,0,0.0,31.7142857143
1394,1394,0,0.0,31.7142857143
1395,1395,0,0.0,31.7142857143
1396,1396,1,7.57142857143,31.7142857143
1397,1397,0,0.0,31.7142857143
1398,1398,1,11.1428571429,31.7142857143
1399,1399,0,0.0,31.7142857143
1400,1400,1,8.0,31.7142857143
1401,1401,0,0.0,31.7142857143
1402,1402,1,6.57142857143,31.7142857143
1403,1403,0,0.0,31.7142857143
1404,1404,0,0.0,31.7142857143
1405,1405,0,0.0,31.7142857143
1406,1406,0,0.0,31.7142857143
1407,1407,1,0.857142857143,31.7142857143
1408,1408,3,28.1428571429,31.7142857143
1409,1409,0,0.0,31.7142857143
1410,1410,0,0.0,31.7142857143
1411,1411,2,14.0,31.7142857143
1412,1412,0,0.0,31.7142857143
1413,1413,14,30.2857142857,31.7142857143
1414,1414,4,16.8571428571,31.7142857143
1415,1415,0,0.0,31.5714285714
1416,1416,0,0.0,31.5714285714
1417,1417,0,0.0,31.5714285714
1418,1418,0,0.0,31.5714285714
1419,1419,0,0.0,31.5714285714
1420,1420,0,0.0,31.5714285714
1421,1421,2,30.1428571429,31.5714285714
1422,1422,0,0.0,31.5714285714
1423,1423,0,0.0,31.5714285714
1424,1424,2,24.7142857143,31.5714285714
1425,1425,0,0.0,31.5714285714
1426,1426,3,18.7142857143,31.5714285714
1427,1427,0,0.0,31.5714285714
1428,1428,2,6.28571428571,31.5714285714
1429,1429,0,0.0,31.5714285714
1430,1430,0,0.0,31.5714285714
1431,1431,1,1.42857142857,31.5714285714
1432,1432,1,27.4285714286,31.5714285714
1433,1433,6,19.5714285714,31.5714285714
1434,1434,1,26.1428571429,31.5714285714
1435,1435,6,18.1428571429,31.5714285714
1436,1436,0,0.0,31.5714285714
1437,1437,1,2.71428571429,31.5714285714
1438,1438,2,7.42857142857,31.5714285714
1439,1439,0,0.0,31.5714285714
1440,1440,0,0.0,31.5714285714
1441,1441,2,22.5714285714,31.5714285714
1442,1442,1,22.5714285714,31.5714285714
1443,1443,0,0.0,31.5714285714
1444,1444,2,21.4285714286,31.5714285714
1445,1445,1,31.1428571429,31.5714285714
1446,1446,0,0.0,31.5714285714
1447,1447,1,9.57142857143,31.4285714286
1448,1448,0,0.0,31.4285714286
1449,1449,2,21.0,31.4285714286
1450,1450,0,0.0,31.4285714286
1451,1451,0,0.0,31.4285714286
1452,1452,3,17.4285714286,31.4285714286
1453,1453,0,0.0,31.4285714286
1454,1454,0,0.0,31.4285714286
1455,1455,0,0.0,31.4285714286
1456,1456,0,0.0,31.4285714286
1457,1457,0,0.0,31.4285714286
1458,1458,0,0.0,31.4285714286
1459,1459,0,0.0,31.4285714286
1460,1460,4,13.1428571429,31.4285714286
1461,1461,0,0.0,31.4285714286
1462,1462,4,20.1428571429,31.4285714286
1463,1463,0,0.0,31.4285714286
1464,1464,1,6.0,31.4285714286
1465,1465,0,0.0,31.4285714286
1466,1466,0,0.0,31.4285714286
1467,1467,5,29.1428571429,31.4285714286
1468,1468,0,0.0,31.4285714286
1469,1469,2,26.8571428571,31.4285714286
1470,1470,0,0.0,31.4285714286
1471,1471,1,17.1428571429,31.2857142857
1472,1472,0,0.0,31.2857142857
1473,1473,5,26.8571428571,31.2857142857
1474,1474,0,0.0,31.2857142857
1475,1475,1,2.28571428571,31.2857142857
1476,1476,2,26.2857142857,31.2857142857
1477,1477,0,0.0,31.2857142857
1478,1478,2,12.2857142857,31.2857142857
1479,1479,2,19.1428571429,31.2857142857
1480,1480,0,0.0,31.2857142857
1481,1481,0,0.0,31.2857142857
1482,1482,1,16.7142857143,31.2857142857
1483,1483,0,0.0,31.2857142857
1484,1484,0,0.0,31.2857142857
1485,1485,0,0.0,31.2857142857
1486,1486,0,0.0,31.2857142857
1487,1487,0,0.0,31.2857142857
1488,1488,0,0.0,31.2857142857
1489,1489,1,26.1428571429,31.2857142857
1490,1490,2,5.0,31.2857142857
1491,1491,0,0.0,31.2857142857
1492,1492,0,0.0,31.2857142857
1493,1493,0,0.0,31.2857142857
1494,1494,0,0.0,31.2857142857
1495,1495,3,22.1428571429,31.2857142857
1496,1496,0,0.0,31.2857142857
1497,1497,4,22.0,31.2857142857
1498,1498,0,0.0,31.2857142857
1499,1499,1,2.0,31.2857142857
1500,1500,0,0.0,31.2857142857
1501,1501,0,0.0,31.2857142857
1502,1502,3,25.8571428571,31.2857142857
1503,1503,1,3.14285714286,31.2857142857
1504,1504,0,0.0,31.2857142857
1505,1505,2,25.1428571429,31.2857142857
1506,1506,0,0.0,31.2857142857
1507,1507,2,4.0,31.2857142857
1508,1508,1,10.4285714286,31.1428571429
1509,1509,0,0.0,31.1428571429
1510,1510,0,0.0,31.1428571429
1511,1511,0,0.0,31.1428571429
1512,1512,4,19.0,31.1428571429
1513,1513,0,0.0,31.1428571429
1514,1514,0,0.0,31.1428571429
1515,1515,0,0.0,31.1428571429
1516,1516,26,30.8571428571,31.1428571429
1517,1517,1,30.5714285714,31.1428571429
1518,1518,6,26.1428571429,31.1428571429
1519,1519,0,0.0,31.1428571429
1520,1520,0,0.0,31.1428571429
1521,1521,1,8.28571428571,31.1428571429
1522,1522,0,0.0,31.1428571429
1523,1523,0,0.0,31.1428571429
1524,1524,0,0.0,31.1428571429
1525,1525,2,30.5714285714,31.1428571429
1526,1526,0,0.0,31.1428571429
1527,1527,0,0.0,31.1428571429
1528,1528,0,0.0,31.1428571429
1529,1529,2,1.57142857143,31.1428571429
1530,1530,0,0.0,31.1428571429
1531,1531,0,0.0,31.1428571429
1532,1532,1,17.4285714286,31.1428571429
1533,1533,2,19.7142857143,31.1428571429
1534,1534,0,0.0,31.1428571429
1535,1535,1,29.2857142857,31.1428571429
1536,1536,0,0.0,31.1428571429
1537,1537,0,0.0,31.1428571429
1538,1538,0,0.0,31.1428571429
1539,1539,14,29.8571428571,31.0
1540,1540,0,0.0,31.0
1541,1541,1,2.71428571429,31.0
1542,1542,0,0.0,31.0
1543,1543,2,5.14285714286,31.0
1544,1544,4,25.4285714286,31.0
1545,1545,0,0.0,31.0
1546,1546,1,2.71428571429,31.0
1547,1547,6,29.2857142857,31.0
1548,1548,0,0.0,31.0
1549,1549,0,0.0,31.0
1550,1550,1,0.142857142857,31.0
1551,1551,3,26.0,31.0
1552,1552,1,2.14285714286,31.0
1553,1553,0,0.0,31.0
1554,1554,0,0.0,31.0
1555,1555,0,0.0,31.0
1556,1556,0,0.0,31.0
1557,1557,1,16.2857142857,31.0
1558,1558,1,2.28571428571,31.0
1559,1559,0,0.0,31.0
1560,1560,8,28.7142857143,31.0
1561,1561,0,0.0,31.0
1562,1562,0,0.0,31.0
1563,1563,0,0.0,31.0
1564,1564,0,0.0,31.0
1565,1565,0,0.0,31.0
1566,1566,0,0.0,31.0
1567,1567,3,25.8571428571,31.0
1568,1568,0,0.0,31.0
1569,1569,1,5.42857142857,31.0
1570,1570,0,0.0,31.0
1571,1571,0,0.0,31.0
1572,1572,3,30.2857142857,31.0
1573,1573,0,0.0,31.0
1574,1574,1,1.14285714286,31.0
1575,1575,1,10.7142857143,30.8571428571
1576,1576,1,3.0,30.8571428571
1577,1577,1,22.0,30.8571428571
1578,1578,0,0.0,30.8571428571
1579,1579,1,3.85714285714,30.8571428571
1580,1580,9,12.0,30.8571428571
1581,1581,0,0.0,30.8571428571
1582,1582,0,0.0,30.8571428571
1583,1583,3,26.4285714286,30.8571428571
1584,1584,0,0.0,30.8571428571
1585,1585,0,0.0,30.8571428571
1586,1586,0,0.0,30.8571428571
1587,1587,0,0.0,30.8571428571
1588,1588,1,7.57142857143,30.8571428571
1589,1589,0,0.0,30.8571428571
1590,1590,0,0.0,30.8571428571
1591,1591,0,0.0,30.8571428571
1592,1592,0,0.0,30.8571428571
1593,1593,1,2.0,30.8571428571
1594,1594,0,0.0,30.8571428571
1595,1595,2,4.0,30.8571428571
1596,1596,0,0.0,30.8571428571
1597,1597,4,20.2857142857,30.8571428571
1598,1598,1,25.0,30.8571428571
1599,1599,0,0.0,30.8571428571
1600,1600,0,0.0,30.8571428571
1601,1601,0,0.0,30.8571428571
1602,1602,0,0.0,30.8571428571
1603,1603,0,0.0,30.8571428571
1604,1604,0,0.0,30.8571428571
1605,1605,2,21.4285714286,30.8571428571
1606,1606,0,0.0,30.8571428571
1607,1607,1,24.7142857143,30.8571428571
1608,1608,1,30.2857142857,30.8571428571
1609,1609,1,14.7142857143,30.7142857143
1610,1610,0,0.0,30.7142857143
1611,1611,3,17.5714285714,30.7142857143
1612,1612,2,6.0,30.7142857143
1613,1613,0,0.0,30.7142857143
1614,1614,2,27.7142857143,30.7142857143
1615,1615,5,28.4285714286,30.7142857143
1616,1616,0,0.0,30.7142857143
1617,1617,1,16.5714285714,30.7142857143
1618,1618,0,0.0,30.7142857143
1619,1619,0,0.0,30.7142857143
1620,1620,1,1.71428571429,30.7142857143
1621,1621,1,25.8571428571,30.7142857143
1622,1622,0,0.0,30.7142857143
1623,1623,0,0.0,30.7142857143
1624,1624,0,0.0,30.7142857143
1625,1625,0,0.0,30.7142857143
1626,1626,1,3.28571428571,30.7142857143
1627,1627,0,0.0,30.7142857143
1628,1628,5,25.8571428571,30.7142857143
1629,1629,1,28.1428571429,30.7142857143
1630,1630,0,0.0,30.7142857143
1631,1631,1,5.71428571429,30.7142857143
1632,1632,0,0.0,30.7142857143
1633,1633,4,26.7142857143,30.7142857143
1634,1634,0,0.0,30.7142857143
1635,1635,0,0.0,30.7142857143
1636,1636,0,0.0,30.7142857143
1637,1637,0,0.0,30.7142857143
1638,1638,0,0.0,30.7142857143
1639,1639,4,21.7142857143,30.5714285714
1640,1640,3,12.7142857143,30.5714285714
1641,1641,0,0.0,30.5714285714
1642,1642,0,0.0,30.5714285714
1643,1643,0,0.0,30.5714285714
1644,1644,1,17.2857142857,30.5714285714
1645,1645,0,0.0,30.5714285714
1646,1646,1,3.28571428571,30.5714285714
1647,1647,0,0.0,30.5714285714
1648,1648,2,8.85714285714,30.5714285714
1649,1649,0,0.0,30.5714285714
1650,1650,0,0.0,30.5714285714
1651,1651,0,0.0,30.5714285714
1652,1652,2,24.4285714286,30.5714285714
1653,1653,4,20.8571428571,30.5714285714
1654,1654,0,0.0,30.5714285714
1655,1655,0,0.0,30.5714285714
1656,1656,0,0.0,30.5714285714
1657,1657,0,0.0,30.5714285714
1658,1658,2,19.5714285714,30.5714285714
1659,1659,0,0.0,30.5714285714
1660,1660,0,0.0,30.5714285714
1661,1661,0,0.0,30.5714285714
1662,1662,1,16.8571428571,30.5714285714
1663,1663,0,0.0,30.5714285714
1664,1664,1,6.0,30.5714285714
1665,1665,1,4.28571428571,30.4285714286
1666,1666,0,0.0,30.4285714286
1667,1667,0,0.0,30.4285714286
1668,1668,3,16.8571428571,30.4285714286
1669,1669,3,30.2857142857,30.4285714286
1670,1670,0,0.0,30.4285714286
1671,1671,2,25.7142857143,30.4285714286
1672,1672,0,0.0,30.4285714286
1673,1673,1,21.1428571429,30.4285714286
1674,1674,0,0.0,30.4285714286
1675,1675,1,24.5714285714,30.4285714286
1676,1676,0,0.0,30.4285714286
1677,1677,0,0.0,30.4285714286
1678,1678,0,0.0,30.4285714286
1679,1679,5,28.2857142857,30.4285714286
1680,1680,1,8.28571428571,30.4285714286
1681,1681,3,18.2857142857,30.4285714286
1682,1682,0,0.0,30.4285714286
1683,1683,2,19.4285714286,30.4285714286
1684,1684,1,1.85714285714,30.4285714286
1685,1685,0,0.0,30.4285714286
1686,1686,1,10.1428571429,30.4285714286
1687,1687,0,0.0,30.4285714286
1688,1688,0,0.0,30.4285714286
1689,1689,0,0.0,30.4285714286
1690,1690,1,22.0,30.4285714286
1691,1691,0,0.0,30.4285714286
1692,1692,2,3.85714285714,30.4285714286
1693,1693,0,0.0,30.4285714286
1694,1694,0,0.0,30.4285714286
1695,1695,0,0.0,30.4285714286
1696,1696,2,17.7142857143,30.2857142857
1697,1697,3,20.8571428571,30.2857142857
1698,1698,0,0.0,30.2857142857
1699,1699,0,0.0,30.2857142857
1700,1700,5,30.0,30.2857142857
1701,1701,0,0.0,30.2857142857
1702,1702,2,2.0,30.2857142857
1703,1703,0,0.0,30.2857142857
1704,1704,0,0.0,30.2857142857
1705,1705,0,0.0,30.2857142857
1706,1706,0,0.0,30.2857142857
1707,1707,0,0.0,30.2857142857
1708,1708,1,1.28571428571,30.2857142857
1709,1709,1,16.1428571429,30.2857142857
1710,1710,0,0.0,30.2857142857
1711,1711,0,0.0,30.2857142857
1712,1712,9,28.5714285714,30.2857142857
1713,1713,2,8.85714285714,30.2857142857
1714,1714,0,0.0,30.2857142857
1715,1715,1,6.28571428571,30.2857142857
1716,1716,1,2.14285714286,30.2857142857
1717,1717,0,0.0,30.2857142857
1718,1718,0,0.0,30.2857142857
1719,1719,0,0.0,30.2857142857
1720,1720,1,21.8571428571,30.2857142857
1721,1721,1,21.8571428571,30.2857142857
1722,1722,0,0.0,30.2857142857
1723,1723,0,0.0,30.2857142857
1724,1724,0,0.0,30.2857142857
1725,1725,0,0.0,30.2857142857
1726,1726,0,0.0,30.1428571429
1727,1727,0,0.0,30.1428571429
1728,1728,2,5.42857142857,30.1428571429
1729,1729,0,0.0,30.1428571429
1730,1730,0,0.0,30.1428571429
1731,1731,0,0.0,30.1428571429
1732,1732,0,0.0,30.1428571429
1733,1733,3,29.7142857143,30.1428571429
1734,1734,0,0.0,30.1428571429
1735,1735,0,0.0,30.1428571429
1736,1736,0,0.0,30.1428571429
1737,1737,1,20.8571428571,30.1428571429
1738,1738,0,0.0,30.1428571429
1739,1739,0,0.0,30.1428571429
1740,1740,0,0.0,30.1428571429
1741,1741,0,0.0,30.1428571429
1742,1742,2,25.1428571429,30.1428571429
1743,1743,0,0.0,30.1428571429
1744,1744,4,25.1428571429,30.1428571429
1745,1745,0,0.0,30.1428571429
1746,1746,4,28.4285714286,30.1428571429
1747,1747,3,24.4285714286,30.1428571429
1748,1748,0,0.0,30.1428571429
1749,1749,3,16.0,30.1428571429
1750,1750,2,15.7142857143,30.1428571429
1751,1751,0,0.0,30.1428571429
1752,1752,0,0.0,30.1428571429
1753,1753,0,0.0,30.1428571429
1754,1754,0,0.0,30.1428571429
1755,1755,0,0.0,30.1428571429
1756,1756,4,7.57142857143,30.1428571429
1757,1757,0,0.0,30.1428571429
1758,1758,0,0.0,30.0
1759,1759,0,0.0,30.0
1760,1760,5,26.5714285714,30.0
1761,1761,3,6.28571428571,30.0
1762,1762,2,15.2857142857,30.0
1763,1763,2,28.7142857143,30.0
1764,1764,0,0.0,30.0
1765,1765,0,0.0,30.0
1766,1766,3,24.7142857143,30.0
1767,1767,2,16.8571428571,30.0
1768,1768,4,26.5714285714,30.0
1769,1769,0,0.0,30.0
1770,1770,7,28.0,30.0
1771,1771,1,21.5714285714,30.0
1772,1772,2,20.7142857143,30.0
1773,1773,0,0.0,30.0
1774,1774,2,8.14285714286,30.0
1775,1775,2,15.2857142857,30.0
1776,1776,0,0.0,30.0
1777,1777,3,2.42857142857,30.0
1778,1778,0,0.0,30.0
1779,1779,0,0.0,30.0
1780,1780,0,0.0,30.0
1781,1781,1,24.5714285714,30.0
1782,1782,0,0.0,30.0
1783,1783,1,14.0,30.0
1784,1784,0,0.0,30.0
1785,1785,0,0.0,30.0
1786,1786,3,12.7142857143,30.0
1787,1787,0,0.0,30.0
1788,1788,0,0.0,30.0
1789,1789,1,2.85714285714,30.0
1790,1790,6,26.4285714286,30.0
1791,1791,0,0.0,30.0
1792,1792,1,17.5714285714,30.0
1793,1793,0,0.0,30.0
1794,1794,2,24.8571428571,30.0
1795,1795,3,5.71428571429,30.0
1796,1796,0,0.0,30.0
1797,1797,0,0.0,30.0
1798,1798,3,9.71428571429,29.8571428571
1799,1799,0,0.0,29.8571428571
1800,1800,1,20.1428571429,29.8571428571
1801,1801,0,0.0,29.8571428571
1802,1802,0,0.0,29.8571428571
1803,1803,0,0.0,29.8571428571
1804,1804,0,0.0,29.8571428571
1805,1805,0,0.0,29.8571428571
1806,1806,0,0.0,29.8571428571
1807,1807,0,0.0,29.8571428571
1808,1808,5,29.5714285714,29.8571428571
1809,1809,0,0.0,29.8571428571
1810,1810,0,0.0,29.8571428571
1811,1811,0,0.0,29.8571428571
1812,1812,1,21.1428571429,29.8571428571
1813,1813,0,0.0,29.8571428571
1814,1814,0,0.0,29.8571428571
1815,1815,0,0.0,29.8571428571
1816,1816,0,0.0,29.8571428571
1817,1817,0,0.0,29.8571428571
1818,1818,0,0.0,29.8571428571
1819,1819,0,0.0,29.8571428571
1820,1820,9,23.4285714286,29.8571428571
1821,1821,4,28.1428571429,29.8571428571
1822,1822,2,27.5714285714,29.8571428571
1823,1823,0,0.0,29.8571428571
1824,1824,0,0.0,29.8571428571
1825,1825,1,5.0,29.8571428571
1826,1826,4,8.0,29.8571428571
1827,1827,1,20.8571428571,29.7142857143
1828,1828,0,0.0,29.7142857143
1829,1829,1,1.0,29.7142857143
1830,1830,0,0.0,29.7142857143
1831,1831,1,20.8571428571,29.7142857143
1832,1832,0,0.0,29.7142857143
1833,1833,0,0.0,29.7142857143
1834,1834,1,19.7142857143,29.7142857143
1835,1835,0,0.0,29.7142857143
1836,1836,1,0.714285714286,29.7142857143
1837,1837,0,0.0,29.7142857143
1838,1838,0,0.0,29.7142857143
1839,1839,0,0.0,29.7142857143
1840,1840,1,1.71428571429,29.7142857143
1841,1841,0,0.0,29.7142857143
1842,1842,1,14.2857142857,29.7142857143
1843,1843,5,29.4285714286,29.7142857143
1844,1844,0,0.0,29.7142857143
1845,1845,1,25.0,29.7142857143
1846,1846,0,0.0,29.7142857143
1847,1847,0,0.0,29.7142857143
1848,1848,0,0.0,29.7142857143
1849,1849,1,27.0,29.7142857143
1850,1850,0,0.0,29.7142857143
1851,1851,1,9.71428571429,29.7142857143
1852,1852,0,0.0,29.7142857143
1853,1853,1,2.0,29.7142857143
1854,1854,0,0.0,29.7142857143
1855,1855,1,1.57142857143,29.7142857143
1856,1856,1,26.2857142857,29.5714285714
1857,1857,0,0.0,29.5714285714
1858,1858,0,0.0,29.5714285714
1859,1859,0,0.0,29.5714285714
1860,1860,7,28.5714285714,29.5714285714
1861,1861,0,0.0,29.5714285714
1862,1862,0,0.0,29.5714285714
1863,1863,1,28.5714285714,29.5714285714
1864,1864,0,0.0,29.5714285714
1865,1865,1,24.0,29.5714285714
1866,1866,0,0.0,29.5714285714
1867,1867,0,0.0,29.5714285714
1868,1868,0,0.0,29.5714285714
1869,1869,0,0.0,29.5714285714
1870,1870,0,0.0,29.5714285714
1871,1871,0,0.0,29.5714285714
1872,1872,1,2.42857142857,29.5714285714
1873,1873,1,9.57142857143,29.5714285714
1874,1874,0,0.0,29.5714285714
1875,1875,0,0.0,29.5714285714
1876,1876,1,24.1428571429,29.5714285714
1877,1877,0,0.0,29.5714285714
1878,1878,2,10.7142857143,29.5714285714
1879,1879,0,0.0,29.5714285714
1880,1880,0,0.0,29.5714285714
1881,1881,0,0.0,29.5714285714
1882,1882,1,11.4285714286,29.5714285714
1883,1883,0,0.0,29.5714285714
1884,1884,0,0.0,29.4285714286
1885,1885,0,0.0,29.4285714286
1886,1886,1,16.2857142857,29.4285714286
1887,1887,15,23.8571428571,29.4285714286
1888,1888,0,0.0,29.4285714286
1889,1889,1,16.2857142857,29.4285714286
1890,1890,0,0.0,29.4285714286
1891,1891,2,20.5714285714,29.4285714286
1892,1892,0,0.0,29.4285714286
1893,1893,0,0.0,29.4285714286
1894,1894,3,22.5714285714,29.4285714286
1895,1895,0,0.0,29.4285714286
1896,1896,0,0.0,29.4285714286
1897,1897,0,0.0,29.4285714286
1898,1898,0,0.0,29.4285714286
1899,1899,1,12.1428571429,29.4285714286
1900,1900,0,0.0,29.4285714286
1901,1901,21,4.71428571429,29.4285714286
1902,1902,2,20.4285714286,29.4285714286
1903,1903,0,0.0,29.4285714286
1904,1904,0,0.0,29.4285714286
1905,1905,0,0.0,29.4285714286
1906,1906,3,19.8571428571,29.4285714286
1907,1907,0,0.0,29.4285714286
1908,1908,0,0.0,29.4285714286
1909,1909,3,16.1428571429,29.4285714286
1910,1910,2,20.5714285714,29.4285714286
1911,1911,1,2.14285714286,29.4285714286
1912,1912,0,0.0,29.4285714286
1913,1913,0,0.0,29.4285714286
1914,1914,1,0.428571428571,29.4285714286
1915,1915,1,17.1428571429,29.2857142857
1916,1916,1,3.28571428571,29.2857142857
1917,1917,0,0.0,29.2857142857
1918,1918,0,0.0,29.2857142857
1919,1919,1,25.1428571429,29.2857142857
1920,1920,2,18.2857142857,29.2857142857
1921,1921,2,3.71428571429,29.2857142857
1922,1922,1,5.14285714286,29.2857142857
1923,1923,0,0.0,29.2857142857
1924,1924,0,0.0,29.2857142857
1925,1925,4,28.5714285714,29.2857142857
1926,1926,0,0.0,29.2857142857
1927,1927,0,0.0,29.2857142857
1928,1928,0,0.0,29.2857142857
1929,1929,2,27.8571428571,29.2857142857
1930,1930,0,0.0,29.2857142857
1931,1931,0,0.0,29.2857142857
1932,1932,1,22.7142857143,29.2857142857
1933,1933,0,0.0,29.2857142857
1934,1934,1,19.1428571429,29.2857142857
1935,1935,1,11.1428571429,29.2857142857
1936,1936,0,0.0,29.2857142857
1937,1937,0,0.0,29.2857142857
1938,1938,0,0.0,29.2857142857
1939,1939,2,27.7142857143,29.2857142857
1940,1940,0,0.0,29.2857142857
1941,1941,0,0.0,29.2857142857
1942,1942,0,0.0,29.2857142857
1943,1943,2,20.1428571429,29.2857142857
1944,1944,0,0.0,29.2857142857
1945,1945,0,0.0,29.1428571429
1946,1946,2,4.0,29.1428571429
1947,1947,0,0.0,29.1428571429
1948,1948,0,0.0,29.1428571429
1949,1949,0,0.0,29.1428571429
1950,1950,1,15.1428571429,29.1428571429
1951,1951,0,0.0,29.1428571429
1952,1952,0,0.0,29.1428571429
1953,1953,6,21.2857142857,29.1428571429
1954,1954,0,0.0,29.1428571429
1955,1955,11,23.2857142857,29.1428571429
1956,1956,0,0.0,29.1428571429
1957,1957,0,0.0,29.1428571429
1958,1958,1,3.85714285714,29.1428571429
1959,1959,1,1.57142857143,29.1428571429
1960,1960,0,0.0,29.1428571429
1961,1961,1,28.0,29.1428571429
1962,1962,1,18.2857142857,29.1428571429
1963,1963,2,10.8571428571,29.1428571429
1964,1964,2,25.4285714286,29.1428571429
1965,1965,0,0.0,29.1428571429
1966,1966,3,1.42857142857,29.1428571429
1967,1967,0,0.0,29.1428571429
1968,1968,0,0.0,29.1428571429
1969,1969,0,0.0,29.1428571429
1970,1970,0,0.0,29.1428571429
1971,1971,0,0.0,29.1428571429
1972,1972,0,0.0,29.1428571429
1973,1973,0,0.0,29.1428571429
1974,1974,0,0.0,29.1428571429
1975,1975,1,8.85714285714,29.0
1976,1976,0,0.0,29.0
1977,1977,0,0.0,29.0
1978,1978,0,0.0,29.0
1979,1979,0,0.0,29.0
1980,1980,1,1.71428571429,29.0
1981,1981,17,28.4285714286,29.0
1982,1982,2,23.7142857143,29.0
1983,1983,2,11.8571428571,29.0
1984,1984,0,0.0,29.0
1985,1985,2,3.0,29.0
1986,1986,0,0.0,29.0
1987,1987,2,21.2857142857,29.0
1988,1988,0,0.0,29.0
1989,1989,0,0.0,29.0
1990,1990,0,0.0,29.0
1991,1991,0,0.0,29.0
1992,1992,1,16.7142857143,29.0
1993,1993,0,0.0,29.0
1994,1994,0,0.0,29.0
1995,1995,0,0.0,29.0
1996,1996,0,0.0,29.0
1997,1997,0,0.0,29.0
1998,1998,0,0.0,29.0
1999,1999,0,0.0,29.0
2000,2000,0,0.0,29.0
2001,2001,0,0.0,28.8571428571
2002,2002,0,0.0,28.8571428571
2003,2003,0,0.0,28.8571428571
2004,2004,0,0.0,28.8571428571
2005,2005,3,15.8571428571,28.8571428571
2006,2006,0,0.0,28.8571428571
2007,2007,1,22.7142857143,28.8571428571
2008,2008,0,0.0,28.8571428571
2009,2009,0,0.0,28.8571428571
2010,2010,1,15.1428571429,28.8571428571
2011,2011,0,0.0,28.8571428571
2012,2012,2,8.42857142857,28.8571428571
2013,2013,0,0.0,28.8571428571
2014,2014,0,0.0,28.8571428571
2015,2015,0,0.0,28.8571428571
2016,2016,0,0.0,28.8571428571
2017,2017,1,15.5714285714,28.8571428571
2018,2018,0,0.0,28.8571428571
2019,2019,0,0.0,28.8571428571
2020,2020,0,0.0,28.8571428571
2021,2021,0,0.0,28.8571428571
2022,2022,1,13.0,28.8571428571
2023,2023,0,0.0,28.8571428571
2024,2024,7,24.2857142857,28.8571428571
2025,2025,0,0.0,28.8571428571
2026,2026,0,0.0,28.8571428571
2027,2027,1,8.71428571429,28.8571428571
2028,2028,0,0.0,28.8571428571
2029,2029,0,0.0,28.7142857143
2030,2030,3,15.1428571429,28.7142857143
2031,2031,0,0.0,28.7142857143
2032,2032,0,0.0,28.7142857143
2033,2033,2,25.2857142857,28.7142857143
2034,2034,4,21.7142857143,28.7142857143
2035,2035,0,0.0,28.7142857143
2036,2036,1,2.28571428571,28.7142857143
2037,2037,0,0.0,28.7142857143
2038,2038,0,0.0,28.7142857143
2039,2039,0,0.0,28.7142857143
2040,2040,0,0.0,28.7142857143
2041,2041,2,9.57142857143,28.7142857143
2042,2042,1,2.14285714286,28.7142857143
2043,2043,0,0.0,28.7142857143
2044,2044,4,25.1428571429,28.7142857143
2045,2045,2,5.71428571429,28.7142857143
2046,2046,0,0.0,28.7142857143
2047,2047,0,0.0,28.7142857143
2048,2048,1,14.8571428571,28.7142857143
2049,2049,3,15.0,28.7142857143
2050,2050,0,0.0,28.7142857143
2051,2051,0,0.0,28.7142857143
2052,2052,1,11.0,28.7142857143
2053,2053,0,0.0,28.7142857143
2054,2054,0,0.0,28.7142857143
2055,2055,1,13.1428571429,28.7142857143
2056,2056,0,0.0,28.7142857143
2057,2057,1,8.42857142857,28.7142857143
2058,2058,1,25.4285714286,28.7142857143
2059,2059,0,0.0,28.7142857143
2060,2060,0,0.0,28.7142857143
2061,2061,0,0.0,28.5714285714
2062,2062,0,0.0,28.5714285714
2063,2063,0,0.0,28.5714285714
2064,2064,0,0.0,28.5714285714
2065,2065,0,0.0,28.5714285714
2066,2066,0,0.0,28.5714285714
2067,2067,0,0.0,28.5714285714
2068,2068,2,27.7142857143,28.5714285714
2069,2069,3,27.7142857143,28.5714285714
2070,2070,0,0.0,28.5714285714
2071,2071,1,13.8571428571,28.5714285714
2072,2072,0,0.0,28.5714285714
2073,2073,1,4.14285714286,28.5714285714
2074,2074,1,21.1428571429,28.5714285714
2075,2075,3,7.28571428571,28.5714285714
2076,2076,3,27.7142857143,28.5714285714
2077,2077,0,0.0,28.5714285714
2078,2078,0,0.0,28.5714285714
2079,2079,0,0.0,28.5714285714
2080,2080,0,0.0,28.5714285714
2081,2081,1,1.42857142857,28.5714285714
2082,2082,0,0.0,28.5714285714
2083,2083,2,8.42857142857,28.5714285714
2084,2084,0,0.0,28.5714285714
2085,2085,1,0.857142857143,28.5714285714
2086,2086,0,0.0,28.4285714286
2087,2087,0,0.0,28.4285714286
2088,2088,0,0.0,28.4285714286
2089,2089,1,28.2857142857,28.4285714286
2090,2090,1,1.28571428571,28.4285714286
2091,2091,0,0.0,28.4285714286
2092,2092,2,5.42857142857,28.4285714286
2093,2093,0,0.0,28.4285714286
2094,2094,2,22.1428571429,28.4285714286
2095,2095,0,0.0,28.4285714286
2096,2096,3,26.0,28.4285714286
2097,2097,0,0.0,28.4285714286
2098,2098,4,11.1428571429,28.4285714286
2099,2099,0,0.0,28.4285714286
2100,2100,1,11.0,28.4285714286
2101,2101,1,7.57142857143,28.4285714286
2102,2102,0,0.0,28.4285714286
2103,2103,0,0.0,28.4285714286
2104,2104,1,18.8571428571,28.4285714286
2105,2105,0,0.0,28.4285714286
2106,2106,3,21.1428571429,28.4285714286
2107,2107,0,0.0,28.4285714286
2108,2108,0,0.0,28.4285714286
2109,2109,0,0.0,28.4285714286
2110,2110,1,13.2857142857,28.4285714286
2111,2111,1,1.57142857143,28.4285714286
2112,2112,0,0.0,28.4285714286
2113,2113,0,0.0,28.4285714286
2114,2114,0,0.0,28.4285714286
2115,2115,0,0.0,28.4285714286
2116,2116,0,0.0,28.4285714286
2117,2117,1,19.0,28.4285714286
2118,2118,0,0.0,28.4285714286
2119,2119,1,4.28571428571,28.4285714286
2120,2120,0,0.0,28.2857142857
2121,2121,3,27.7142857143,28.2857142857
2122,2122,0,0.0,28.2857142857
2123,2123,6,12.4285714286,28.2857142857
2124,2124,0,0.0,28.2857142857
2125,2125,0,0.0,28.2857142857
2126,2126,0,0.0,28.2857142857
2127,2127,0,0.0,28.2857142857
2128,2128,3,24.4285714286,28.2857142857
2129,2129,0,0.0,28.2857142857
2130,2130,0,0.0,28.2857142857
2131,2131,0,0.0,28.2857142857
2132,2132,2,25.0,28.2857142857
2133,2133,5,9.57142857143,28.2857142857
2134,2134,0,0.0,28.2857142857
2135,2135,1,3.57142857143,28.2857142857
2136,2136,0,0.0,28.2857142857
2137,2137,0,0.0,28.2857142857
2138,2138,1,2.85714285714,28.2857142857
2139,2139,0,0.0,28.2857142857
2140,2140,1,7.14285714286,28.2857142857
2141,2141,0,0.0,28.2857142857
2142,2142,0,0.0,28.2857142857
2143,2143,2,17.0,28.2857142857
2144,2144,0,0.0,28.2857142857
2145,2145,1,5.42857142857,28.2857142857
2146,2146,2,24.5714285714,28.2857142857
2147,2147,0,0.0,28.2857142857
2148,2148,0,0.0,28.1428571429
2149,2149,7,26.8571428571,28.1428571429
2150,2150,0,0.0,28.1428571429
2151,2151,0,0.0,28.1428571429
2152,2152,2,14.2857142857,28.1428571429
2153,2153,0,0.0,28.1428571429
2154,2154,2,21.8571428571,28.1428571429
2155,2155,2,2.85714285714,28.1428571429
2156,2156,0,0.0,28.1428571429
2157,2157,0,0.0,28.1428571429
2158,2158,0,0.0,28.1428571429
2159,2159,0,0.0,28.1428571429
2160,2160,0,0.0,28.1428571429
2161,2161,2,8.42857142857,28.1428571429
2162,2162,0,0.0,28.1428571429
2163,2163,8,27.5714285714,28.1428571429
2164,2164,0,0.0,28.1428571429
2165,2165,0,0.0,28.1428571429
2166,2166,5,18.4285714286,28.1428571429
2167,2167,0,0.0,28.1428571429
2168,2168,1,8.42857142857,28.1428571429
2169,2169,0,0.0,28.1428571429
2170,2170,1,1.42857142857,28.1428571429
2171,2171,0,0.0,28.1428571429
2172,2172,1,3.57142857143,28.1428571429
2173,2173,0,0.0,28.1428571429
2174,2174,0,0.0,28.1428571429
2175,2175,1,11.2857142857,28.1428571429
2176,2176,0,0.0,28.1428571429
2177,2177,3,8.0,28.1428571429
2178,2178,0,0.0,28.1428571429
2179,2179,2,20.5714285714,28.0
2180,2180,0,0.0,28.0
2181,2181,0,0.0,28.0
2182,2182,0,0.0,28.0
2183,2183,2,12.5714285714,28.0
2184,2184,1,19.5714285714,28.0
2185,2185,0,0.0,28.0
2186,2186,0,0.0,28.0
2187,2187,0,0.0,28.0
2188,2188,0,0.0,28.0
2189,2189,1,0.142857142857,28.0
2190,2190,0,0.0,28.0
2191,2191,2,25.7142857143,28.0
2192,2192,0,0.0,28.0
2193,2193,0,0.0,28.0
2194,2194,0,0.0,28.0
2195,2195,0,0.0,28.0
2196,2196,2,23.7142857143,28.0
2197,2197,0,0.0,28.0
2198,2198,0,0.0,28.0
2199,2199,1,7.42857142857,28.0
2200,2200,0,0.0,28.0
2201,2201,1,23.5714285714,28.0
2202,2202,2,24.4285714286,28.0
2203,2203,0,0.0,28.0
2204,2204,0,0.0,28.0
2205,2205,1,1.71428571429,28.0
2206,2206,0,0.0,28.0
2207,2207,2,7.57142857143,27.8571428571
2208,2208,0,0.0,27.8571428571
2209,2209,0,0.0,27.8571428571
2210,2210,3,25.7142857143,27.8571428571
2211,2211,0,0.0,27.8571428571
2212,2212,0,0.0,27.8571428571
2213,2213,0,0.0,27.8571428571
2214,2214,1,21.5714285714,27.8571428571
2215,2215,0,0.0,27.8571428571
2216,2216,0,0.0,27.8571428571
2217,2217,0,0.0,27.8571428571
2218,2218,1,14.0,27.8571428571
2219,2219,0,0.0,27.8571428571
2220,2220,9,25.2857142857,27.8571428571
2221,2221,3,20.1428571429,27.8571428571
2222,2222,0,0.0,27.8571428571
2223,2223,0,0.0,27.8571428571
2224,2224,0,0.0,27.8571428571
2225,2225,0,0.0,27.8571428571
2226,2226,0,0.0,27.8571428571
2227,2227,0,0.0,27.8571428571
2228,2228,3,19.8571428571,27.7142857143
2229,2229,0,0.0,27.7142857143
2230,2230,0,0.0,27.7142857143
2231,2231,2,26.4285714286,27.7142857143
2232,2232,0,0.0,27.7142857143
2233,2233,1,27.2857142857,27.7142857143
2234,2234,1,21.4285714286,27.7142857143
2235,2235,1,7.71428571429,27.7142857143
2236,2236,0,0.0,27.7142857143
2237,2237,0,0.0,27.7142857143
2238,2238,0,0.0,27.7142857143
2239,2239,2,6.42857142857,27.7142857143
2240,2240,6,27.5714285714,27.7142857143
2241,2241,0,0.0,27.7142857143
2242,2242,0,0.0,27.7142857143
2243,2243,0,0.0,27.7142857143
2244,2244,0,0.0,27.7142857143
2245,2245,0,0.0,27.7142857143
2246,2246,0,0.0,27.7142857143
2247,2247,0,0.0,27.5714285714
2248,2248,0,0.0,27.5714285714
2249,2249,0,0.0,27.5714285714
2250,2250,1,9.71428571429,27.5714285714
2251,2251,0,0.0,27.5714285714
2252,2252,1,8.42857142857,27.5714285714
2253,2253,0,0.0,27.5714285714
2254,2254,1,3.71428571429,27.5714285714
2255,2255,0,0.0,27.5714285714
2256,2256,0,0.0,27.5714285714
2257,2257,0,0.0,27.5714285714
2258,2258,0,0.0,27.5714285714
2259,2259,0,0.0,27.5714285714
2260,2260,1,9.0,27.5714285714
2261,2261,4,23.0,27.5714285714
2262,2262,0,0.0,27.5714285714
2263,2263,0,0.0,27.5714285714
2264,2264,2,27.0,27.5714285714
2265,2265,0,0.0,27.5714285714
2266,2266,0,0.0,27.5714285714
2267,2267,0,0.0,27.5714285714
2268,2268,0,0.0,27.5714285714
2269,2269,0,0.0,27.5714285714
2270,2270,1,16.2857142857,27.5714285714
2271,2271,0,0.0,27.4285714286
2272,2272,0,0.0,27.4285714286
2273,2273,0,0.0,27.4285714286
2274,2274,1,4.85714285714,27.4285714286
2275,2275,0,0.0,27.4285714286
2276,2276,0,0.0,27.4285714286
2277,2277,0,0.0,27.4285714286
2278,2278,1,22.1428571429,27.4285714286
2279,2279,0,0.0,27.4285714286
2280,2280,2,20.7142857143,27.4285714286
2281,2281,0,0.0,27.4285714286
2282,2282,1,0.714285714286,27.4285714286
2283,2283,0,0.0,27.4285714286
2284,2284,0,0.0,27.4285714286
2285,2285,6,13.2857142857,27.4285714286
2286,2286,0,0.0,27.4285714286
2287,2287,0,0.0,27.4285714286
2288,2288,0,0.0,27.4285714286
2289,2289,0,0.0,27.4285714286
2290,2290,1,15.8571428571,27.4285714286
2291,2291,0,0.0,27.4285714286
2292,2292,0,0.0,27.4285714286
2293,2293,2,15.4285714286,27.4285714286
2294,2294,6,21.1428571429,27.4285714286
2295,2295,0,0.0,27.2857142857
2296,2296,1,12.1428571429,27.2857142857
2297,2297,0,0.0,27.2857142857
2298,2298,0,0.0,27.2857142857
2299,2299,0,0.0,27.2857142857
2300,2300,0,0.0,27.2857142857
2301,2301,2,19.0,27.2857142857
2302,2302,0,0.0,27.2857142857
2303,2303,7,23.4285714286,27.2857142857
2304,2304,0,0.0,27.2857142857
2305,2305,1,24.4285714286,27.2857142857
2306,2306,2,8.28571428571,27.2857142857
2307,2307,1,6.14285714286,27.2857142857
2308,2308,1,1.57142857143,27.2857142857
2309,2309,1,0.428571428571,27.2857142857
2310,2310,0,0.0,27.2857142857
2311,2311,0,0.0,27.2857142857
2312,2312,1,25.8571428571,27.2857142857
2313,2313,5,18.0,27.2857142857
2314,2314,0,0.0,27.2857142857
2315,2315,1,7.85714285714,27.2857142857
2316,2316,0,0.0,27.2857142857
2317,2317,0,0.0,27.2857142857
2318,2318,2,13.2857142857,27.2857142857
2319,2319,0,0.0,27.2857142857
2320,2320,0,0.0,27.2857142857
2321,2321,0,0.0,27.2857142857
2322,2322,0,0.0,27.2857142857
2323,2323,0,0.0,27.2857142857
2324,2324,0,0.0,27.2857142857
2325,2325,1,2.57142857143,27.2857142857
2326,2326,0,0.0,27.2857142857
2327,2327,0,0.0,27.2857142857
2328,2328,1,21.4285714286,27.1428571429
2329,2329,0,0.0,27.1428571429
2330,2330,1,13.7142857143,27.1428571429
2331,2331,0,0.0,27.1428571429
2332,2332,5,13.0,27.1428571429
2333,2333,1,20.4285714286,27.1428571429
2334,2334,0,0.0,27.1428571429
2335,2335,1,2.57142857143,27.1428571429
2336,2336,2,6.85714285714,27.1428571429
2337,2337,0,0.0,27.1428571429
2338,2338,0,0.0,27.1428571429
2339,2339,1,11.7142857143,27.1428571429
2340,2340,2,17.5714285714,27.1428571429
2341,2341,0,0.0,27.1428571429
2342,2342,1,6.28571428571,27.1428571429
2343,2343,0,0.0,27.1428571429
2344,2344,2,12.0,27.1428571429
2345,2345,0,0.0,27.1428571429
2346,2346,1,7.57142857143,27.1428571429
2347,2347,2,9.85714285714,27.1428571429
2348,2348,7,24.1428571429,27.1428571429
2349,2349,1,9.28571428571,27.1428571429
2350,2350,2,21.8571428571,27.1428571429
2351,2351,0,0.0,27.1428571429
2352,2352,0,0.0,27.1428571429
2353,2353,0,0.0,27.1428571429
2354,2354,5,24.2857142857,27.1428571429
2355,2355,0,0.0,27.1428571429
2356,2356,4,26.5714285714,27.1428571429
2357,2357,0,0.0,27.1428571429
